,proposal,skill_categories
0,https://www.nsf.gov/pubs/2021/nsf21598/nsf21598.htm,"['G.1', 'C.2', 'H.2', 'J.7', 'F.4', 'K.7', 'K.6', 'J.4', 'J.2']"
1,https://www.nsf.gov/pubs/2021/nsf21527/nsf21527.htm,"['H.2', 'J.2', 'I.6', 'J.2']"
2,https://www.nsf.gov/pubs/2020/nsf20609/nsf20609.htm,"['H.5', 'K.3']"
3,https://www.nsf.gov/pubs/2020/nsf20604/nsf20604.htm,"['G.1', 'D.4', 'I.2', 'C.2', 'C.2', 'K.6', 'J.4', 'J.7', 'I.2', 'I.2', 'F.4']"
4,https://www.nsf.gov/pubs/2020/nsf20591/nsf20591.htm,"['K.1', 'H', 'D.4', 'H.2', 'K.6', 'J.2']"
5,https://www.nsf.gov/pubs/2020/nsf20589/nsf20589.htm,"['G.1', 'I.2', 'B.2', 'B.3', 'B.6', 'G.1', 'I.2', 'A.0', 'D.3', 'I.2', 'J.2', 'J.2', 'J.7', 'H.2', 'H.2', 'D.3', 'D.3', 'B.4', 'B.5', 'F.4', 'H.5', 'D.3', 'I.2', 'D.3']"
6,https://www.nsf.gov/pubs/2020/nsf20588/nsf20588.htm,"['G.1', 'I.2', 'B.2', 'B.3', 'B.6', 'G.1', 'I.3', 'I.2', 'D.3', 'I.7', 'I.2', 'J.2', 'J.7', 'H.2', 'D.3', 'D.3', 'B.4', 'B.5', 'F.4', 'J.2', 'I.2', 'D.3']"
7,https://www.nsf.gov/pubs/2020/nsf20586/nsf20586.htm,"['J.2', 'J.2']"
8,https://www.nsf.gov/pubs/2020/nsf20584/nsf20584.htm,"['J.5', 'H.2', 'G.1', 'K.3', 'D.4', 'G.3', 'H.2', 'H', 'J.7', 'H.2', 'K.1', 'H.5', 'D.2', 'J.2']"
9,https://www.nsf.gov/pubs/2020/nsf20582/nsf20582.htm,"['G.1', 'I.3', 'G.1', 'I.7', 'G.1', 'H.2', 'J.2', 'G.1', 'I.2', 'C.2', 'H.5', 'J.5', 'G.1', 'H.5', 'I.3', 'I.2', 'J.2', 'D.3', 'I.2', 'A.0', 'D.3', 'D.2', 'D.3', 'I.2', 'D', 'F.4', 'D']"
10,https://www.nsf.gov/pubs/2020/nsf20577/nsf20577.htm,"['I.4', 'J.6', 'I.2', 'J.2', 'F.4', 'J.2', 'D.3']"
11,https://www.nsf.gov/pubs/2020/nsf20575/nsf20575.htm,"['K.1', 'J.3', 'H.2', 'H.5', 'A.0', 'K.1', 'H.5', 'A.0']"
12,https://www.nsf.gov/pubs/2020/nsf20574/nsf20574.htm,"['J.2', 'D.4']"
13,https://www.nsf.gov/pubs/2020/nsf20566/nsf20566.htm,"['C.2', 'C.2', 'D.4', 'I.1', 'I.5', 'I.2', 'C.2', 'C.2', 'H.4', 'J.3', 'I.2', 'K.6', 'I.2', 'K.1']"
14,https://www.nsf.gov/pubs/2020/nsf20564/nsf20564.htm,['D.3']
15,https://www.nsf.gov/pubs/2020/nsf20563/nsf20563.htm,"['I.4', 'D.2', 'I.4', 'D.4', 'I.2', 'C.0', 'I.2', 'I.2', 'K.4', 'C.5']"
16,https://www.nsf.gov/pubs/2020/nsf20560/nsf20560.htm,"['I.4', 'D.2', 'I.3', 'G.3', 'H.2', 'J.2', 'G.3', 'I.4', 'D.2', 'J.3', 'D.3', 'J.2']"
17,https://www.nsf.gov/pubs/2020/nsf20557/nsf20557.htm,"['C.4', 'I.3', 'K.8', 'C.2', 'D.4', 'D.4', 'C.2', 'C.2']"
18,https://www.nsf.gov/pubs/2020/nsf20553/nsf20553.htm,"['G.3', 'F.4', 'J.2']"
19,https://www.nsf.gov/pubs/2020/nsf20552/nsf20552.htm,"['G.1', 'I.2', 'J.1', 'J.2', 'H.4', 'D.2']"
20,https://www.nsf.gov/pubs/2020/nsf20544/nsf20544.htm,"['K.1', 'H', 'H.2', 'H.5', 'H.2', 'J.2']"
21,https://www.nsf.gov/pubs/2020/nsf20541/nsf20541.htm,"['D.3', 'I.2', 'B.6', 'B.6', 'J.2', 'H.2', 'D.2', 'B.5', 'H.5', 'F.4', 'H.5']"
22,https://www.nsf.gov/pubs/2020/nsf20540/nsf20540.htm,"['J.5', 'H.2', 'I.5', 'C.1', 'E.3', 'B.4', 'H', 'H.2', 'I.2', 'G.1', 'K.3', 'K.3', 'I.2', 'K.1', 'H.5', 'J.2']"
23,https://www.nsf.gov/pubs/2020/nsf20539/nsf20539.htm,"['G.1', 'K.3', 'H.2', 'B.2', 'B.4', 'B.3', 'F.4', 'H.5', 'K.7', 'H.5']"
24,https://www.nsf.gov/pubs/2020/nsf20522/nsf20522.htm,"['I.2', 'F.4', 'I.2']"
25,https://www.nsf.gov/pubs/2020/nsf20517/nsf20517.htm,"['J.2', 'I.6', 'H.2', 'J.2']"
26,https://www.nsf.gov/pubs/2020/nsf20514/nsf20514.htm,"['J.5', 'D.2', 'J.5', 'H.2', 'H.2', 'H.5', 'H.5', 'J.2']"
27,https://www.nsf.gov/pubs/2020/nsf20513/nsf20513.htm,"['J.5', 'D.2', 'J.5', 'H.2', 'H.2', 'H.5', 'H.5', 'J.2']"
28,https://www.nsf.gov/pubs/2020/nsf20511/nsf20511.htm,"['J.5', 'I.4', 'D.2', 'D.4', 'I.2', 'C.4', 'I.2', 'H', 'H.2', 'I.2', 'D.4', 'A.0', 'I.2', 'B.5', 'H.5', 'K.4', 'D.3', 'J.2']"
29,https://www.nsf.gov/pubs/2020/nsf20510/nsf20510.htm,"['D.4', 'D.2', 'H.5', 'C.0', 'J.2', 'H.2', 'D.4', 'H.5', 'K.4', 'J.2']"
30,https://www.nsf.gov/pubs/2020/nsf20505/nsf20505.htm,"['H.3', 'J.5', 'I.2', 'I.4', 'H.5', 'H.2', 'F.4', 'H.5', 'K.7']"
31,https://www.nsf.gov/pubs/2020/nsf20503/nsf20503.htm,"['G.1', 'D.4', 'I.2', 'C.2', 'C.2', 'K.6', 'J.4', 'J.7', 'I.2', 'I.2', 'F.4']"
32,https://www.nsf.gov/pubs/2020/nsf20501/nsf20501.htm,"['H.3', 'G.2', 'I.2', 'I.2', 'D.2', 'J.2', 'H.2', 'I.2', 'H.5', 'H.5', 'J.2']"
33,https://www.nsf.gov/pubs/2020/nsf20500/nsf20500.htm,"['C.0', 'J.2', 'H.2', 'F.3', 'H.5', 'H.5', 'D.2', 'J.2']"
34,https://www.nsf.gov/pubs/2019/nsf19614/nsf19614.htm,"['J.2', 'G.1', 'K.7', 'H.5', 'K.7', 'C.2', 'J.2', 'C.1', 'J.2', 'I.2', 'J.2']"
35,https://www.nsf.gov/pubs/2019/nsf19613/nsf19613.htm,"['J.5', 'D.4', 'I.3', 'I.2', 'H.2', 'C.4', 'H.5', 'H', 'I.2', 'K.1', 'D.3', 'J.2']"
36,https://www.nsf.gov/pubs/2019/nsf19599/nsf19599.htm,"['J.5', 'D.4', 'J.2']"
37,https://www.nsf.gov/pubs/2019/nsf19596/nsf19596.htm,"['A.0', 'G.1', 'I.2', 'H.2', 'J.2', 'G.1', 'I.4', 'I.1', 'I.3', 'I.6', 'G.1', 'I.5', 'G.2', 'J.2']"
38,https://www.nsf.gov/pubs/2019/nsf19589/nsf19589.htm,"['K.1', 'H', 'D.4', 'H.2', 'K.6', 'J.2']"
39,https://www.nsf.gov/pubs/2019/nsf19577/nsf19577.htm,"['I.4', 'J.6', 'I.2', 'J.2', 'F.4', 'J.2', 'D.3']"
40,https://www.nsf.gov/pubs/2019/nsf19575/nsf19575.htm,"['H.4', 'F.4', 'K.1']"
41,https://www.nsf.gov/pubs/2019/nsf19572/nsf19572.htm,"['D.4', 'I.2', 'K.4', 'J.2']"
42,https://www.nsf.gov/pubs/2019/nsf19571/nsf19571.htm,"['C.2', 'C.2', 'D.4', 'I.2', 'C.2', 'C.2', 'J.3', 'H.2', 'I.2', 'K.6', 'I.2', 'H.5']"
43,https://www.nsf.gov/pubs/2019/nsf19553/nsf19553.htm,"['I.4', 'D.2', 'I.4', 'D.4', 'C.0', 'I.2', 'C.5']"
44,https://www.nsf.gov/pubs/2019/nsf19536/nsf19536.htm,"['H.2', 'I.2', 'F.4', 'H.5', 'I.2']"
45,https://www.nsf.gov/pubs/2019/nsf19532/nsf19532.htm,"['J.5', 'D.2', 'J.5', 'H.2', 'H.2', 'H.5', 'H.5', 'J.2']"
46,https://www.nsf.gov/pubs/2019/nsf19529/nsf19529.htm,"['C.5', 'I.4', 'D.2', 'D.4', 'D.4', 'H.2', 'H', 'H.2', 'K.1', 'H.5', 'J.2']"
47,https://www.nsf.gov/pubs/2019/nsf19528/nsf19528.htm,"['J.2', 'I.2']"
48,https://www.nsf.gov/pubs/2019/nsf19525/nsf19525.htm,"['H.3', 'G.2', 'I.2', 'I.2', 'D.2', 'J.2', 'H.2', 'I.2', 'H.5', 'H.5', 'J.2']"
49,https://www.nsf.gov/pubs/2019/nsf19520/nsf19520.htm,"['H.4', 'H.2', 'F.4', 'K.1', 'H.5', 'D.2']"
50,https://www.nsf.gov/pubs/2019/nsf19516/nsf19516.htm,"['K.6', 'G.1', 'I.2', 'I.2', 'B.7', 'H.2', 'J.2', 'H.2', 'G.1', 'F.4', 'H.5', 'I.2']"
51,https://www.nsf.gov/pubs/2019/nsf19511/nsf19511.htm,"['J.5', 'D.2', 'J.5', 'H.2', 'H.2', 'H.5', 'H.5', 'J.2']"
52,https://www.nsf.gov/pubs/2019/nsf19509/nsf19509.htm,"['C.0', 'J.2', 'H.2', 'F.3', 'H.5', 'H.5', 'D.2', 'J.2']"
53,https://www.nsf.gov/pubs/2019/nsf19505/nsf19505.htm,"['H.5', 'H.2', 'H.5']"
54,https://www.nsf.gov/pubs/2018/nsf18598/nsf18598.htm,"['H.2', 'H', 'J.7', 'A.0', 'K.1', 'I.2', 'J.2']"
55,https://www.nsf.gov/pubs/2018/nsf18596/nsf18596.htm,"['J.5', 'I.3', 'I.2', 'H.2', 'C.4', 'H.5', 'H', 'I.2', 'K.1', 'D.3', 'J.2']"
56,https://www.nsf.gov/pubs/2018/nsf18595/nsf18595.htm,['I.4']
57,https://www.nsf.gov/pubs/2018/nsf18591/nsf18591.htm,"['H.5', 'K.3']"
58,https://www.nsf.gov/pubs/2018/nsf18585/nsf18585.htm,"['H.2', 'H.5']"
59,https://www.nsf.gov/pubs/2018/nsf18572/nsf18572.htm,"['D.4', 'I.2', 'K.4', 'J.2']"
60,https://www.nsf.gov/pubs/2018/nsf18571/nsf18571.htm,"['G.1', 'C.2', 'H.2', 'J.7', 'F.4', 'K.7', 'J.2']"
61,https://www.nsf.gov/pubs/2018/nsf18570/nsf18570.htm,"['K.6', 'I.2']"
62,https://www.nsf.gov/pubs/2018/nsf18569/nsf18569.htm,"['F.4', 'F.4']"
63,https://www.nsf.gov/pubs/2018/nsf18567/nsf18567.htm,"['C.5', 'J.5', 'I.2', 'F.4', 'D.4', 'D.3', 'H.2', 'J.2', 'F.4', 'J.2']"
64,https://www.nsf.gov/pubs/2018/nsf18566/nsf18566.htm,"['K.1', 'J.3', 'H.5', 'H.2', 'H.5', 'A.0', 'K.1', 'H.5', 'H.5', 'A.0']"
65,https://www.nsf.gov/pubs/2018/nsf18564/nsf18564.htm,"['C.2', 'J.2']"
66,https://www.nsf.gov/pubs/2018/nsf18561/nsf18561.htm,"['I.4', 'J.6', 'I.2', 'J.2', 'F.4', 'J.2', 'D.3']"
67,https://www.nsf.gov/pubs/2018/nsf18557/nsf18557.htm,"['K.3', 'K.3', 'C.3', 'D.4', 'I.2']"
68,https://www.nsf.gov/pubs/2018/nsf18556/nsf18556.htm,"['G.1', 'K.3', 'D.4', 'J.3', 'H.2', 'K.6', 'B.4', 'H', 'H.2', 'G.1', 'J.2', 'K.1', 'H.5', 'H.5', 'J.2']"
69,https://www.nsf.gov/pubs/2018/nsf18541/nsf18541.htm,"['J.5', 'F.3', 'D.4', 'I.3', 'C.2', 'J.3', 'H.2', 'H.5', 'H', 'H.2', 'H.5', 'K.1', 'F.4', 'H.5', 'H.5', 'C.2', 'C.2', 'A.0', 'J.2']"
70,https://www.nsf.gov/pubs/2018/nsf18538/nsf18538.htm,"['I.4', 'D.2', 'I.4', 'D.4', 'C.0', 'H.2', 'I.2', 'C.5', 'H.5']"
71,https://www.nsf.gov/pubs/2018/nsf18537/nsf18537.htm,"['G.1', 'K.3', 'H.2', 'B.2', 'B.4', 'B.3', 'F.4', 'H.5', 'K.7', 'H.5']"
72,https://www.nsf.gov/pubs/2018/nsf18536/nsf18536.htm,"['J.5', 'I.3', 'I.2', 'H.2', 'C.4', 'H.5', 'H', 'I.2', 'K.1', 'D.3', 'J.2']"
73,https://www.nsf.gov/pubs/2018/nsf18528/nsf18528.htm,"['K.1', 'H', 'H.2', 'J.2']"
74,https://www.nsf.gov/pubs/2018/nsf18525/nsf18525.htm,['J.2']
75,https://www.nsf.gov/pubs/2018/nsf18521/nsf18521.htm,"['I.2', 'D.2', 'J.2', 'H.2', 'H.5', 'H.5', 'J.2']"
76,https://www.nsf.gov/pubs/2018/nsf18518/nsf18518.htm,"['H.2', 'I.2', 'F.4', 'H.5', 'I.2']"
77,https://www.nsf.gov/pubs/2018/nsf18517/nsf18517.htm,"['J.5', 'D.2']"
78,https://www.nsf.gov/pubs/2018/nsf18514/nsf18514.htm,"['J.2', 'H.2', 'H.5', 'H.5', 'D.2', 'J.2']"
79,https://www.nsf.gov/pubs/2018/nsf18502/nsf18502.htm,"['C.2', 'D.2', 'J.7', 'H.2', 'F.4', 'H.5', 'H.5']"
80,https://www.nsf.gov/pubs/2018/nsf18501/nsf18501.htm,"['H.5', 'K.3']"
81,https://www.nsf.gov/pubs/2018/nsf18500/nsf18500.htm,"['G.1', 'I.3', 'G.1', 'I.7', 'G.1', 'J.2', 'G.1', 'I.2', 'C.2', 'J.5', 'G.1', 'H.5', 'I.3', 'I.2', 'J.2', 'D.3', 'I.2', 'A.0', 'D.3', 'D.2', 'D.3', 'I.2', 'D', 'F.4', 'D']"
82,https://www.nsf.gov/pubs/2017/nsf17601/nsf17601.htm,"['C.5', 'I.4', 'D.2', 'D.4', 'D.4', 'H.2', 'H', 'H.2', 'K.1', 'H.5', 'J.2']"
83,https://www.nsf.gov/pubs/2017/nsf17600/nsf17600.htm,['H.5']
84,https://www.nsf.gov/pubs/2017/nsf17589/nsf17589.htm,"['F.1', 'H.0', 'I.0', 'B.6', 'F.3', 'D.1', 'A.0', 'C.1', 'B.2', 'I.6', 'H.3', 'K.3', 'D.4', 'B.3', 'I.3', 'B.5', 'I.4', 'B.7', 'C.2', 'B.1', 'G.2', 'K.7', 'G.0', 'I.5', 'D.3', 'H.4', 'K.6', 'K.5', 'F.0', 'B.4', 'F.4', 'I.7', 'C.0', 'F.2', 'B.0', 'I.1', 'H.1', 'E.0', 'D.2', 'H.5', 'C.5', 'K.4', 'J.0', 'H.2', 'G.1', 'K.0', 'K.8', 'D.0', 'I.2']"
85,https://www.nsf.gov/pubs/2017/nsf17580/nsf17580.htm,"['G.1', 'I.2', 'B.2', 'B.3', 'B.6', 'G.1', 'I.2', 'D.3', 'I.2', 'J.2', 'J.7', 'H.2', 'D.3', 'D.3', 'B.4', 'B.5', 'F.4', 'I.2', 'D.3']"
86,https://www.nsf.gov/pubs/2017/nsf17578/nsf17578.htm,"['J.5', 'D.4', 'J.2']"
87,https://www.nsf.gov/pubs/2017/nsf17576/nsf17576.htm,"['D.4', 'I.2', 'K.4', 'J.2']"
88,https://www.nsf.gov/pubs/2017/nsf17575/nsf17575.htm,"['J.5', 'H.2', 'K.3', 'D.4', 'G.3', 'H.2', 'H', 'G.1', 'K.1', 'D.2', 'J.2']"
89,https://www.nsf.gov/pubs/2017/nsf17572/nsf17572.htm,"['K.6', 'I.2']"
90,https://www.nsf.gov/pubs/2017/nsf17569/nsf17569.htm,"['K.1', 'J.3', 'H.5', 'H.2', 'H.5', 'A.0', 'K.1', 'H.5', 'H.5', 'A.0']"
91,https://www.nsf.gov/pubs/2017/nsf17568/nsf17568.htm,"['G.1', 'H.2', 'J.7', 'H.2', 'F.4', 'H.5', 'K.7', 'J.2']"
92,https://www.nsf.gov/pubs/2017/nsf17554/nsf17554.htm,"['G.1', 'I.2', 'J.2', 'G.3', 'E.2', 'G.1', 'H.5']"
93,https://www.nsf.gov/pubs/2017/nsf17553/nsf17553.htm,"['I.2', 'H.2', 'K.1', 'H.5', 'I.2']"
94,https://www.nsf.gov/pubs/2017/nsf17548/nsf17548.htm,"['D.3', 'B.4', 'I.4', 'D.2', 'J.2']"
95,https://www.nsf.gov/pubs/2017/nsf17541/nsf17541.htm,"['H.2', 'K.3', 'G.3', 'I.4', 'H.2', 'B.2', 'B.4', 'B.3', 'H.5', 'J.2']"
96,https://www.nsf.gov/pubs/2017/nsf17532/nsf17532.htm,"['J.5', 'C.1', 'H.2', 'J.2', 'J.2']"
97,https://www.nsf.gov/pubs/2017/nsf17530/nsf17530.htm,"['I.4', 'D.2']"
98,https://www.nsf.gov/pubs/2017/nsf17525/nsf17525.htm,"['G.1', 'K.3', 'H.2', 'B.2', 'B.4', 'B.3', 'F.4', 'H.5', 'K.7', 'H.5']"
99,https://www.nsf.gov/pubs/2017/nsf17519/nsf17519.htm,"['J.5', 'C.2', 'H.2', 'I.4', 'J.2']"
100,https://www.nsf.gov/pubs/2017/nsf17518/nsf17518.htm,"['I.2', 'F.4', 'I.2']"
101,https://www.nsf.gov/pubs/2017/nsf17517/nsf17517.htm,"['H.3', 'G.2', 'J.2', 'H.2', 'I.2', 'H.5', 'H.5', 'J.2']"
102,https://www.nsf.gov/pubs/2017/nsf17504/nsf17504.htm,"['J.5', 'J.2']"
103,https://www.nsf.gov/pubs/2017/nsf17503/nsf17503.htm,"['C.2', 'D.2', 'J.7', 'H.2', 'F.4', 'H.5', 'H.5']"
104,https://www.nsf.gov/pubs/2016/nsf16616/nsf16616.htm,"['C.5', 'I.4', 'D.2', 'D.4', 'D.4', 'H.2', 'H', 'H.2', 'K.1', 'H.5', 'J.2']"
105,https://www.nsf.gov/pubs/2016/nsf16613/nsf16613.htm,"['K.6', 'G.1', 'I.2', 'I.2', 'B.7', 'H.2', 'J.2', 'G.1', 'F.4', 'I.2']"
106,https://www.nsf.gov/pubs/2016/nsf16611/nsf16611.htm,"['J.5', 'C.2', 'H.2', 'F.4', 'H.5', 'J.2', 'H.3']"
107,https://www.nsf.gov/pubs/2016/nsf16608/nsf16608.htm,"['K.3', 'K.3', 'D.4']"
108,https://www.nsf.gov/pubs/2016/nsf16607/nsf16607.htm,"['H.5', 'K.3']"
109,https://www.nsf.gov/pubs/2016/nsf16605/nsf16605.htm,['H.5']
110,https://www.nsf.gov/pubs/2016/nsf16604/nsf16604.htm,"['H.5', 'J.5', 'H.5', 'J.7', 'H.2', 'H.5', 'H.5', 'J.7']"
111,https://www.nsf.gov/pubs/2016/nsf16603/nsf16603.htm,"['J.5', 'K.3', 'F.4', 'I.1', 'I.5', 'I.2', 'G.3', 'K', 'G.1', 'D.3', 'B.1', 'B.5', 'B.7', 'B.6', 'D.2', 'I.2', 'I.2']"
112,https://www.nsf.gov/pubs/2016/nsf16601/nsf16601.htm,"['J.5', 'F.3', 'D.2', 'C.2', 'I.3', 'I.2', 'H.4', 'J.3', 'J.3', 'H.5', 'H.2', 'H.5', 'I.2', 'F.4', 'H.5', 'H.5', 'K.1']"
113,https://www.nsf.gov/pubs/2016/nsf16598/nsf16598.htm,"['G.1', 'I.2', 'J.2', 'G.3', 'E.2', 'G.1', 'H.5']"
114,https://www.nsf.gov/pubs/2016/nsf16597/nsf16597.htm,"['F.4', 'G.1', 'I.2', 'I.2', 'D.3', 'D.4', 'H.2', 'D.2', 'G.1', 'D.3', 'B.4', 'F.4', 'H.5', 'D.3', 'E.2', 'F.3']"
115,https://www.nsf.gov/pubs/2016/nsf16596/nsf16596.htm,"['J.5', 'H.3', 'G.1', 'G.1', 'H.5', 'I.3', 'I.2', 'A.0', 'I.3', 'D.3', 'I.7', 'C.2', 'I.2', 'D.2', 'J.2', 'G.1', 'D.3', 'D', 'F.4', 'D', 'J.2', 'D.3']"
116,https://www.nsf.gov/pubs/2016/nsf16591/nsf16591.htm,"['C.5', 'B.1', 'B.6', 'B.2', 'B.3', 'B.4', 'B.7', 'B.5', 'J.7', 'E.2']"
117,https://www.nsf.gov/pubs/2016/nsf16581/nsf16581.htm,"['H.2', 'H.5', 'K.6', 'I.2']"
118,https://www.nsf.gov/pubs/2016/nsf16580/nsf16580.htm,"['D.4', 'I.2', 'K.4', 'J.2']"
119,https://www.nsf.gov/pubs/2016/nsf16573/nsf16573.htm,"['A.0', 'A.0']"
120,https://www.nsf.gov/pubs/2016/nsf16569/nsf16569.htm,"['C.0', 'H.5', 'G.3', 'F.4']"
121,https://www.nsf.gov/pubs/2016/nsf16564/nsf16564.htm,"['A.0', 'G.1', 'I.2', 'H.2', 'J.2', 'G.1', 'I.4', 'I.1', 'I.3', 'I.6', 'G.1', 'I.5', 'G.2', 'J.2']"
122,https://www.nsf.gov/pubs/2016/nsf16559/nsf16559.htm,"['H.2', 'I.4', 'H.2', 'B.2', 'B.4', 'B.3', 'H.5', 'J.2']"
123,https://www.nsf.gov/pubs/2016/nsf16543/nsf16543.htm,"['K.1', 'J.3', 'H.2', 'H.5', 'A.0', 'K.1', 'H.5', 'A.0']"
124,https://www.nsf.gov/pubs/2016/nsf16537/nsf16537.htm,"['C.5', 'H.2', 'H', 'H.2', 'K.1', 'H.5', 'J.2']"
125,https://www.nsf.gov/pubs/2016/nsf16535/nsf16535.htm,['K']
126,https://www.nsf.gov/pubs/2016/nsf16532/nsf16532.htm,"['I.2', 'H.2', 'H.2', 'F.4', 'H.5', 'J.2']"
127,https://www.nsf.gov/pubs/2016/nsf16518/nsf16518.htm,"['I.2', 'D.2', 'J.2', 'H.2', 'H.5', 'H.5', 'J.2']"
128,https://www.nsf.gov/pubs/2016/nsf16517/nsf16517.htm,"['J.5', 'I.4', 'D.2', 'I.4', 'J.3', 'H.5', 'H.2', 'H.5', 'D.2', 'H.5', 'H.5', 'I.2', 'F.4', 'I.3', 'K.8', 'H.5', 'H.5', 'I.2', 'I.4']"
129,https://www.nsf.gov/pubs/2016/nsf16515/nsf16515.htm,"['J.5', 'K.3', 'F.4', 'I.1', 'I.5', 'I.2', 'G.3', 'K', 'G.1', 'D.3', 'B.1', 'B.5', 'B.7', 'B.6', 'D.2', 'I.2', 'I.2']"
130,https://www.nsf.gov/pubs/2016/nsf16513/nsf16513.htm,"['J.1', 'J.5', 'J.7', 'J.3', 'I.6', 'H.5', 'J.3', 'H.5', 'J.7', 'H.2', 'G.1', 'D.4', 'H.5', 'J.7', 'H.5', 'D.2', 'J.2']"
131,https://www.nsf.gov/pubs/2015/nsf15610/nsf15610.htm,"['C.5', 'B.1', 'B.6', 'B.2', 'B.3', 'B.4', 'B.7', 'B.5', 'J.7', 'E.2']"
132,https://www.nsf.gov/pubs/2015/nsf15608/nsf15608.htm,"['K.6', 'G.1', 'I.6', 'I.2', 'I.2', 'B.7', 'H.2', 'F.4', 'G.1', 'F.4', 'J.2']"
133,https://www.nsf.gov/pubs/2015/nsf15601/nsf15601.htm,"['A.0', 'G.1', 'I.2', 'H.2', 'J.2', 'G.1', 'I.4', 'I.1', 'I.3', 'I.6', 'G.1', 'I.5', 'G.2', 'J.2']"
134,https://www.nsf.gov/pubs/2015/nsf15595/nsf15595.htm,"['H.5', 'K.3']"
135,https://www.nsf.gov/pubs/2015/nsf15591/nsf15591.htm,"['F.1', 'H.0', 'I.0', 'B.6', 'F.3', 'D.1', 'A.0', 'C.1', 'B.2', 'I.6', 'H.3', 'K.3', 'D.4', 'B.3', 'I.3', 'B.5', 'I.4', 'B.7', 'C.2', 'B.1', 'G.2', 'K.7', 'G.0', 'I.5', 'D.3', 'H.4', 'K.6', 'K.5', 'F.0', 'B.4', 'F.4', 'I.7', 'C.0', 'F.2', 'B.0', 'I.1', 'H.1', 'E.0', 'D.2', 'H.5', 'C.5', 'K.4', 'J.0', 'H.2', 'G.1', 'K.0', 'K.8', 'D.0', 'I.2']"
136,https://www.nsf.gov/pubs/2015/nsf15582/nsf15582.htm,"['G.1', 'H.2', 'F.4', 'H.5']"
137,https://www.nsf.gov/pubs/2015/nsf15574/nsf15574.htm,"['K.6', 'I.2']"
138,https://www.nsf.gov/pubs/2015/nsf15563/nsf15563.htm,"['J.5', 'C.1', 'H.2', 'J.2', 'J.2']"
139,https://www.nsf.gov/pubs/2015/nsf15559/nsf15559.htm,"['G.1', 'I.3', 'C.2', 'J.2', 'J.3', 'J.2']"
140,https://www.nsf.gov/pubs/2015/nsf15558/nsf15558.htm,"['I.4', 'D.2', 'H.2', 'J.2', 'I.4', 'D.2', 'J.3', 'I.1', 'I.5', 'D.3', 'J.2']"
141,https://www.nsf.gov/pubs/2015/nsf15551/nsf15551.htm,"['H.2', 'H.2', 'H.5', 'H.5', 'J.2']"
142,https://www.nsf.gov/pubs/2015/nsf15550/nsf15550.htm,"['C.5', 'H.2', 'H', 'H.2', 'K.1', 'H.5', 'J.2']"
143,https://www.nsf.gov/pubs/2015/nsf15539/nsf15539.htm,"['I.2', 'J.2']"
144,https://www.nsf.gov/pubs/2015/nsf15536/nsf15536.htm,"['K.3', 'J.2']"
145,https://www.nsf.gov/pubs/2015/nsf15530/nsf15530.htm,"['H.2', 'K.3', 'J.2']"
146,https://www.nsf.gov/pubs/2015/nsf15524/nsf15524.htm,"['H.2', 'J.2']"
147,https://www.nsf.gov/pubs/2015/nsf15522/nsf15522.htm,"['G.1', 'I.2', 'B.7', 'G.1', 'F.4', 'J.2']"
148,https://www.nsf.gov/pubs/2015/nsf15521/nsf15521.htm,"['H.2', 'H.2', 'K.1', 'H.5', 'H.5', 'H.2', 'I.2', 'J.2']"
149,https://www.nsf.gov/pubs/2015/nsf15515/nsf15515.htm,"['J.5', 'K.3', 'F.4', 'I.1', 'I.5', 'I.2', 'G.3', 'G.1', 'D.3', 'B.1', 'B.5', 'B.7', 'B.6', 'D.2', 'I.2']"
150,https://www.nsf.gov/pubs/2015/nsf15512/nsf15512.htm,"['J.5', 'K.1', 'H', 'H.2']"
151,https://www.nsf.gov/pubs/2015/nsf15511/nsf15511.htm,"['F.1', 'H.0', 'I.0', 'B.6', 'F.3', 'D.1', 'A.0', 'C.1', 'B.2', 'I.6', 'H.3', 'K.3', 'D.4', 'B.3', 'I.3', 'B.5', 'I.4', 'B.7', 'C.2', 'B.1', 'G.2', 'K.7', 'G.0', 'I.5', 'D.3', 'H.4', 'K.6', 'K.5', 'F.0', 'B.4', 'F.4', 'I.7', 'C.0', 'F.2', 'B.0', 'I.1', 'H.1', 'E.0', 'D.2', 'H.5', 'C.5', 'K.4', 'J.0', 'H.2', 'G.1', 'K.0', 'K.8', 'D.0', 'I.2']"
152,https://www.nsf.gov/pubs/2015/nsf15507/nsf15507.htm,"['J.5', 'J.7', 'H.5', 'J.3', 'I.6', 'H.5', 'J.3', 'H.5', 'J.7', 'H.2', 'G.1', 'D.4', 'H.5', 'J.7', 'H.5', 'D.2']"
153,https://www.nsf.gov/pubs/2015/nsf15506/nsf15506.htm,"['H.2', 'G.1', 'C.2', 'G.3', 'J.2']"
154,https://www.nsf.gov/pubs/2015/nsf15505/nsf15505.htm,"['J.3', 'H.5', 'H.2', 'H.5', 'H.5', 'I.2', 'F.4', 'H.5', 'H.5', 'I.2']"
155,https://www.nsf.gov/pubs/2014/nsf14602/nsf14602.htm,"['I.2', 'J.2']"
156,https://www.nsf.gov/pubs/2014/nsf14596/nsf14596.htm,"['K.6', 'I.2']"
157,https://www.nsf.gov/pubs/2014/nsf14591/nsf14591.htm,"['K.6', 'G.1', 'I.6', 'I.2', 'I.2', 'B.7', 'H.2', 'F.4', 'G.1', 'F.4', 'J.2']"
158,https://www.nsf.gov/pubs/2014/nsf14581/nsf14581.htm,"['B.7', 'F.3', 'I.4']"
159,https://www.nsf.gov/pubs/2014/nsf14577/nsf14577.htm,"['H.2', 'J.7', 'F.4', 'K.7', 'J.2']"
160,https://www.nsf.gov/pubs/2014/nsf14545/nsf14545.htm,"['I.3', 'I.2', 'J.2']"
161,https://www.nsf.gov/pubs/2014/nsf14544/nsf14544.htm,"['J.5', 'J.7', 'H.5', 'J.3', 'I.6', 'H.5', 'J.3', 'H.5', 'J.7', 'H.2', 'G.1', 'D.4', 'H.5', 'J.7', 'H.5', 'D.2']"
162,https://www.nsf.gov/pubs/2014/nsf14531/nsf14531.htm,"['H.2', 'J.2']"
163,https://www.nsf.gov/pubs/2014/nsf14529/nsf14529.htm,"['C.5', 'H.2', 'H', 'H.2', 'K.1', 'H.5', 'J.2']"
164,https://www.nsf.gov/pubs/2014/nsf14521/nsf14521.htm,"['J.5', 'F.4', 'D.2', 'H.5', 'H.5', 'H.2', 'J.2', 'H.2']"
165,https://www.nsf.gov/pubs/2014/nsf14519/nsf14519.htm,['K']
166,https://www.nsf.gov/pubs/2014/nsf14516/nsf14516.htm,['H.5']
167,https://www.nsf.gov/pubs/2014/nsf14514/nsf14514.htm,['I.2']
168,https://www.nsf.gov/pubs/2014/nsf14504/nsf14504.htm,"['H.5', 'K.3']"
169,https://www.nsf.gov/pubs/2013/nsf13599/nsf13599.htm,"['J.1', 'F.4', 'C.3']"
170,https://www.nsf.gov/pubs/2013/nsf13596/nsf13596.htm,"['I.4', 'D.2', 'A.0', 'D.4', 'I.4', 'H.2', 'J.2', 'J.2', 'H.2', 'D.2', 'H.5', 'J.2', 'H.5', 'H.5', 'J.2']"
171,https://www.nsf.gov/pubs/2013/nsf13587/nsf13587.htm,"['J.7', 'F.4', 'F.4', 'I.5', 'C.1', 'B.2', 'B.4', 'B.3']"
172,https://www.nsf.gov/pubs/2013/nsf13580/nsf13580.htm,"['H.5', 'D.2', 'I.3', 'K.6', 'H.5', 'I.2']"
173,https://www.nsf.gov/pubs/2013/nsf13574/nsf13574.htm,"['I.2', 'F.4']"
174,https://www.nsf.gov/pubs/2013/nsf13570/nsf13570.htm,"['K.1', 'J.3', 'H.2', 'H.5', 'A.0', 'K.1', 'H.5', 'A.0']"
175,https://www.nsf.gov/pubs/2013/nsf13564/nsf13564.htm,"['I.4', 'D.2', 'H.2', 'H.5', 'H.5', 'D.4', 'J.2']"
176,https://www.nsf.gov/pubs/2013/nsf13563/nsf13563.htm,['K']
177,https://www.nsf.gov/pubs/2013/nsf13561/nsf13561.htm,"['J.5', 'J.7', 'G.3', 'F.4', 'D.2']"
178,https://www.nsf.gov/pubs/2013/nsf13558/nsf13558.htm,"['K.1', 'G.1', 'H.2', 'J.2']"
179,https://www.nsf.gov/pubs/2013/nsf13545/nsf13545.htm,"['J.5', 'H.5', 'H.2', 'H.5', 'H.5']"
180,https://www.nsf.gov/pubs/2013/nsf13543/nsf13543.htm,"['J.5', 'F.3', 'D.2', 'C.2', 'I.3', 'I.2', 'H.4', 'J.3', 'H.5', 'H.2', 'H.5', 'I.2', 'F.4', 'H.5', 'H.5', 'K.1']"
181,https://www.nsf.gov/pubs/2013/nsf13539/nsf13539.htm,"['C.5', 'H.2', 'H', 'H.2', 'K.1', 'H.5', 'J.2']"
182,https://www.nsf.gov/pubs/2013/nsf13538/nsf13538.htm,"['F.1', 'H.0', 'I.0', 'B.6', 'F.3', 'D.1', 'A.0', 'C.1', 'B.2', 'I.6', 'H.3', 'K.3', 'D.4', 'B.3', 'I.3', 'B.5', 'I.4', 'B.7', 'C.2', 'B.1', 'G.2', 'K.7', 'G.0', 'I.5', 'D.3', 'H.4', 'K.6', 'K.5', 'F.0', 'B.4', 'F.4', 'I.7', 'C.0', 'F.2', 'B.0', 'I.1', 'H.1', 'E.0', 'D.2', 'H.5', 'C.5', 'K.4', 'J.0', 'H.2', 'G.1', 'K.0', 'K.8', 'D.0', 'I.2']"
183,https://www.nsf.gov/pubs/2013/nsf13537/nsf13537.htm,"['C.2', 'D.2', 'H.2', 'I.5', 'J.2', 'H.5', 'C.2', 'J.2', 'H.5', 'J.2']"
184,https://www.nsf.gov/pubs/2013/nsf13531/nsf13531.htm,"['I.4', 'D.2', 'I.4', 'D.2']"
185,https://www.nsf.gov/pubs/2013/nsf13510/nsf13510.htm,['I.2']
186,https://www.nsf.gov/pubs/2013/nsf13507/nsf13507.htm,['C.2']
187,https://www.nsf.gov/pubs/2013/nsf13502/nsf13502.htm,"['F.1', 'H.0', 'I.0', 'B.6', 'F.3', 'D.1', 'A.0', 'C.1', 'B.2', 'I.6', 'H.3', 'K.3', 'D.4', 'B.3', 'I.3', 'B.5', 'I.4', 'B.7', 'C.2', 'B.1', 'G.2', 'K.7', 'G.0', 'I.5', 'D.3', 'H.4', 'K.6', 'K.5', 'F.0', 'B.4', 'F.4', 'I.7', 'C.0', 'F.2', 'B.0', 'I.1', 'H.1', 'E.0', 'D.2', 'H.5', 'C.5', 'K.4', 'J.0', 'H.2', 'G.1', 'K.0', 'K.8', 'D.0', 'I.2']"
188,https://www.nsf.gov/pubs/2013/nsf13500/nsf13500.htm,"['H.2', 'J.2']"
189,https://www.nsf.gov/pubs/2012/nsf12614/nsf12614.htm,['K.4']
190,https://www.nsf.gov/pubs/2012/nsf12610/nsf12610.htm,"['B.7', 'H.2', 'J.2']"
191,https://www.nsf.gov/pubs/2012/nsf12607/nsf12607.htm,"['J.5', 'J.3', 'H.5', 'H.2', 'H.5', 'H.5', 'I.2', 'F.4', 'I.3', 'K.8', 'H.5', 'H.5', 'I.2']"
192,https://www.nsf.gov/pubs/2012/nsf12598/nsf12598.htm,"['G.1', 'I.2', 'J.2', 'G.3', 'E.2', 'G.1', 'H.5']"
193,https://www.nsf.gov/pubs/2012/nsf12597/nsf12597.htm,"['H.2', 'F.4', 'D.4', 'J.2']"
194,https://www.nsf.gov/pubs/2012/nsf12593/nsf12593.htm,"['G.1', 'H.2', 'H.5', 'H.5']"
195,https://www.nsf.gov/pubs/2012/nsf12583/nsf12583.htm,"['J.5', 'H.2', 'H.5', 'D.4', 'J.2']"
196,https://www.nsf.gov/pubs/2012/nsf12580/nsf12580.htm,"['H.5', 'D.2', 'I.3', 'K.6', 'C.3', 'H.5', 'K.6', 'I.2']"
197,https://www.nsf.gov/pubs/2012/nsf12561/nsf12561.htm,"['K.1', 'J.3', 'H.2', 'H.5', 'A.0', 'K.1', 'H.5', 'A.0']"
198,https://www.nsf.gov/pubs/2012/nsf12549/nsf12549.htm,"['F.4', 'I.2', 'D.2', 'H.2', 'H.2', 'J.2', 'F.4', 'D.3', 'B.4', 'F.4', 'K.1']"
199,https://www.nsf.gov/pubs/2012/nsf12547/nsf12547.htm,"['D.3', 'I.2']"
200,https://www.nsf.gov/pubs/2012/nsf12546/nsf12546.htm,"['C.5', 'H.2', 'H', 'H.2', 'K.1', 'H.5', 'J.2']"
201,https://www.nsf.gov/pubs/2012/nsf12545/nsf12545.htm,"['H.2', 'H.2', 'K.1', 'H.5', 'H.5', 'H.2', 'I.2', 'J.2']"
202,https://www.nsf.gov/pubs/2012/nsf12544/nsf12544.htm,"['H.5', 'J.5', 'H.5', 'J.7', 'H.2', 'H.5', 'H.5', 'J.7']"
203,https://www.nsf.gov/pubs/2012/nsf12543/nsf12543.htm,"['B.2', 'B.4', 'B.3', 'J.1', 'C.3', 'J.2', 'J.1']"
204,https://www.nsf.gov/pubs/2012/nsf12540/nsf12540.htm,"['J.5', 'K.1', 'H', 'H.2']"
205,https://www.nsf.gov/pubs/2012/nsf12520/nsf12520.htm,"['I.4', 'D.2', 'D.2', 'D.4', 'D.2', 'K.6', 'J.2', 'K.1', 'H.2', 'I.4', 'G.3', 'J.3', 'C.4', 'D.4', 'D.2', 'J.2', 'G.1', 'H.1', 'D.2', 'J.2', 'C.0', 'H.2', 'F.4']"
206,https://www.nsf.gov/pubs/2012/nsf12512/nsf12512.htm,"['F.3', 'I.3', 'I.2', 'J.3', 'I.2']"
207,https://www.nsf.gov/pubs/2012/nsf12510/nsf12510.htm,"['H.4', 'F.4', 'K.1']"
208,https://www.nsf.gov/pubs/2012/nsf12503/nsf12503.htm,['K.3']
209,https://www.nsf.gov/pubs/2012/nsf12502/nsf12502.htm,"['I.1', 'I.5', 'J.2', 'H.2', 'H.5', 'H.5']"
210,https://www.nsf.gov/pubs/2012/nsf12499/nsf12499.htm,"['H.3', 'H.2', 'A.0', 'J.2']"
211,https://www.nsf.gov/pubs/2011/nsf11584/nsf11584.htm,"['K.3', 'K.4', 'K.6']"
212,https://www.nsf.gov/pubs/2011/nsf11576/nsf11576.htm,"['H.5', 'J.2']"
213,https://www.nsf.gov/pubs/2011/nsf11571/nsf11571.htm,"['J.5', 'H.2', 'H.5', 'D.4', 'J.2']"
214,https://www.nsf.gov/pubs/2011/nsf11570/nsf11570.htm,"['J.5', 'H.2', 'H.5', 'I.2']"
215,https://www.nsf.gov/pubs/2011/nsf11566/nsf11566.htm,"['I.5', 'D.2', 'I.2', 'C.2', 'D.4', 'C.2', 'I.5', 'C.0', 'J.2', 'H.2', 'J.2', 'G.3', 'H.5', 'H.5', 'J.2']"
216,https://www.nsf.gov/pubs/2011/nsf11556/nsf11556.htm,"['K.6', 'I.2']"
217,https://www.nsf.gov/pubs/2011/nsf11553/nsf11553.htm,"['J.5', 'J.3', 'H.5', 'J.7', 'H.2', 'H.5', 'H.5', 'I.2', 'F.4', 'I.3', 'K.8', 'H.5', 'H.5', 'I.2']"
218,https://www.nsf.gov/pubs/2011/nsf11552/nsf11552.htm,"['J.5', 'I.4', 'D.2', 'J.2', 'J.7', 'D.2', 'J.2']"
219,https://www.nsf.gov/pubs/2011/nsf11545/nsf11545.htm,['I.2']
220,https://www.nsf.gov/pubs/2011/nsf11535/nsf11535.htm,"['I.2', 'E.2', 'J.2']"
221,https://www.nsf.gov/pubs/2011/nsf11530/nsf11530.htm,"['H.2', 'H.5']"
222,https://www.nsf.gov/pubs/2011/nsf11523/nsf11523.htm,"['I.3', 'H.5', 'F.4']"
223,https://www.nsf.gov/pubs/2011/nsf11516/nsf11516.htm,"['F.1', 'H.0', 'I.0', 'B.6', 'F.3', 'D.1', 'A.0', 'C.1', 'B.2', 'I.6', 'H.3', 'K.3', 'D.4', 'B.3', 'I.3', 'B.5', 'I.4', 'B.7', 'C.2', 'B.1', 'G.2', 'K.7', 'G.0', 'I.5', 'D.3', 'H.4', 'K.6', 'K.5', 'F.0', 'B.4', 'F.4', 'I.7', 'C.0', 'F.2', 'B.0', 'I.1', 'H.1', 'E.0', 'D.2', 'H.5', 'C.5', 'K.4', 'J.0', 'H.2', 'G.1', 'K.0', 'K.8', 'D.0', 'I.2']"
224,https://www.nsf.gov/pubs/2011/nsf11512/nsf11512.htm,"['C.2', 'D.2', 'I.5', 'C.0', 'J.2', 'C.2', 'J.2', 'J.2']"
225,https://www.nsf.gov/pubs/2011/nsf11509/nsf11509.htm,"['K.3', 'K.1', 'H', 'H.2', 'D.4', 'J.2']"
226,https://www.nsf.gov/pubs/2011/nsf11507/nsf11507.htm,"['J.2', 'J.2']"
227,https://www.nsf.gov/pubs/2011/nsf11505/nsf11505.htm,"['H.5', 'K.3']"
228,https://www.nsf.gov/pubs/2011/nsf11502/nsf11502.htm,"['I.2', 'I.1', 'I.5', 'H.2', 'D.4', 'J.2', 'J.2']"
229,https://www.nsf.gov/pubs/2010/nsf10618/nsf10618.htm,"['H.5', 'J.5', 'J.7', 'H.2', 'H.5', 'H.5', 'J.7']"
230,https://www.nsf.gov/pubs/2010/nsf10614/nsf10614.htm,"['K.1', 'H', 'J.7', 'H.2', 'H.5', 'H.5', 'H.2', 'D.4', 'J.2', 'H.2']"
231,https://www.nsf.gov/pubs/2010/nsf10613/nsf10613.htm,"['G.1', 'I.4', 'D.2', 'G.1', 'I.3']"
232,https://www.nsf.gov/pubs/2010/nsf10612/nsf10612.htm,['I.2']
233,https://www.nsf.gov/pubs/2010/nsf10600/nsf10600.htm,"['F.1', 'H.0', 'I.0', 'B.6', 'F.3', 'D.1', 'A.0', 'C.1', 'B.2', 'I.6', 'H.3', 'K.3', 'D.4', 'B.3', 'I.3', 'B.5', 'I.4', 'B.7', 'C.2', 'B.1', 'G.2', 'K.7', 'G.0', 'I.5', 'D.3', 'H.4', 'K.6', 'K.5', 'F.0', 'B.4', 'F.4', 'I.7', 'C.0', 'F.2', 'B.0', 'I.1', 'H.1', 'E.0', 'D.2', 'H.5', 'C.5', 'K.4', 'J.0', 'H.2', 'G.1', 'K.0', 'K.8', 'D.0', 'I.2']"
234,https://www.nsf.gov/pubs/2010/nsf10591/nsf10591.htm,"['H.2', 'G.1', 'J.2']"
235,https://www.nsf.gov/pubs/2010/nsf10583/nsf10583.htm,"['K.3', 'K.8', 'K.8', 'I.2', 'K.4', 'H.2']"
236,https://www.nsf.gov/pubs/2010/nsf10579/nsf10579.htm,"['K.1', 'J.3', 'H.2', 'H.5', 'A.0', 'K.1', 'H.5', 'A.0']"
237,https://www.nsf.gov/pubs/2010/nsf10577/nsf10577.htm,"['J.5', 'I.3', 'I.2', 'D.3', 'I.2']"
238,https://www.nsf.gov/pubs/2010/nsf10572/nsf10572.htm,"['H.5', 'K.6', 'H.5', 'D.4']"
239,https://www.nsf.gov/pubs/2010/nsf10571/nsf10571.htm,"['H.5', 'D.2', 'I.3', 'K.6', 'C.3', 'H.5', 'K.6', 'I.2']"
240,https://www.nsf.gov/pubs/2010/nsf10567/nsf10567.htm,['F.4']
241,https://www.nsf.gov/pubs/2010/nsf10564/nsf10564.htm,"['K', 'H.2', 'H', 'K.1', 'J.2']"
242,https://www.nsf.gov/pubs/2010/nsf10563/nsf10563.htm,"['J.5', 'F.4']"
243,https://www.nsf.gov/pubs/2010/nsf10549/nsf10549.htm,"['I.4', 'D.2', 'B.2', 'B.4', 'B.3', 'D.4', 'I.4', 'H.2', 'D.2', 'H.5', 'H.5', 'J.2']"
244,https://www.nsf.gov/pubs/2010/nsf10540/nsf10540.htm,"['I.1', 'I.5', 'H.2', 'H.5', 'H.5']"
245,https://www.nsf.gov/pubs/2010/nsf10533/nsf10533.htm,"['D.4', 'J.3', 'H.2', 'J.2', 'H.2', 'G.3', 'G.1', 'J.2', 'H.5', 'H.5', 'I.2', 'J.2']"
246,https://www.nsf.gov/pubs/2010/nsf10528/nsf10528.htm,"['H.2', 'H', 'B.1', 'B.5', 'B.7', 'B.6', 'H.5', 'K.1', 'J.2']"
247,https://www.nsf.gov/pubs/2010/nsf10526/nsf10526.htm,"['G.1', 'D.4', 'J.2', 'H.2', 'I.5', 'C.1', 'H.5', 'H.5']"
248,https://www.nsf.gov/pubs/2010/nsf10525/nsf10525.htm,"['I.3', 'H.5', 'F.4']"
249,https://www.nsf.gov/pubs/2010/nsf10515/nsf10515.htm,"['I.4', 'D.2', 'F.2', 'B.5', 'D.2']"
250,https://www.nsf.gov/pubs/2010/nsf10506/nsf10506.htm,"['H.5', 'I.2', 'H.3', 'I.1', 'I.5', 'H.5', 'G.1', 'F.3', 'D.4', 'J.2', 'J.2', 'J.5', 'G.1', 'E.5', 'K.4', 'H.2', 'J.7', 'F.4']"
251,https://www.nsf.gov/pubs/2010/nsf10502/nsf10502.htm,"['J.2', 'I.2', 'J.2']"
252,https://www.nsf.gov/pubs/2009/nsf09610/nsf09610.htm,"['D.2', 'H.2', 'H.5', 'H.5', 'D.4', 'J.2']"
253,https://www.nsf.gov/pubs/2009/nsf09607/nsf09607.htm,"['H.2', 'J.1', 'H.2', 'J.7', 'G.1', 'J.2']"
254,https://www.nsf.gov/pubs/2009/nsf09606/nsf09606.htm,"['D.4', 'H.5', 'J.2', 'H.2']"
255,https://www.nsf.gov/pubs/2009/nsf09604/nsf09604.htm,"['J.5', 'I.4', 'D.2', 'G.1', 'H.2', 'G.1', 'G.1', 'J.2', 'G.1', 'J.2', 'I.3']"
256,https://www.nsf.gov/pubs/2009/nsf09563/nsf09563.htm,['I.2']
257,https://www.nsf.gov/pubs/2009/nsf09559/nsf09559.htm,"['K.3', 'I.2', 'I.1', 'I.5', 'K.4', 'F.4', 'I.5', 'C.1']"
258,https://www.nsf.gov/pubs/2009/nsf09557/nsf09557.htm,"['K.6', 'I.2']"
259,https://www.nsf.gov/pubs/2009/nsf09552/nsf09552.htm,"['C.2', 'J.2', 'F.4', 'J.2']"
260,https://www.nsf.gov/pubs/2009/nsf09549/nsf09549.htm,"['H.2', 'G.1', 'C.2', 'G.1', 'B.2', 'B.4', 'B.3', 'I.2', 'C.2', 'J.2']"
261,https://www.nsf.gov/pubs/2009/nsf09542/nsf09542.htm,['C.2']
262,https://www.nsf.gov/pubs/2009/nsf09539/nsf09539.htm,"['G.1', 'I.2', 'J.2', 'E.2', 'G.1']"
263,https://www.nsf.gov/pubs/2009/nsf09538/nsf09538.htm,"['H.2', 'I.2']"
264,https://www.nsf.gov/pubs/2009/nsf09532/nsf09532.html,"['G.1', 'D.4', 'J.2', 'H.2', 'I.5', 'C.1', 'H.5', 'H.5']"
265,https://www.nsf.gov/pubs/2009/nsf09524/nsf09524.htm,"['I.5', 'D.2', 'I.2', 'C.2', 'D.4', 'C.2', 'I.5', 'C.0', 'J.2', 'H.2', 'J.2', 'G.3', 'H.5', 'H.5', 'J.2']"
266,https://www.nsf.gov/pubs/2008/nsf08611/nsf08611.htm,"['I.4', 'D.2', 'F.2', 'B.5', 'D.2']"
267,https://www.nsf.gov/pubs/2008/nsf08610/nsf08610.htm,"['H.3', 'H.5', 'D.2', 'G.4', 'H.5', 'J.2', 'D.4', 'I.2', 'J.2']"
268,https://www.nsf.gov/pubs/2008/nsf08599/nsf08599.htm,"['J.5', 'D.4', 'D.4', 'H.2', 'H.5', 'J.2', 'F.3']"
269,https://www.nsf.gov/pubs/2008/nsf08598/nsf08598.htm,"['J.5', 'I.4', 'D.2', 'G.1', 'G.1', 'G.1', 'J.2', 'G.1', 'J.2', 'I.3']"
270,https://www.nsf.gov/pubs/2008/nsf08593/nsf08593.htm,"['H.2', 'I.3', 'H.5', 'H.2', 'H.5', 'I.2', 'J.2']"
271,https://www.nsf.gov/pubs/2008/nsf08586/nsf08586.htm,"['H.2', 'I.2', 'D.2', 'H.2', 'I.2', 'J.2', 'H.2', 'F.4', 'F.4', 'H.5', 'H.5', 'F.3', 'J.2']"
272,https://www.nsf.gov/pubs/2008/nsf08584/nsf08584.htm,"['D.4', 'J.2', 'J.7']"
273,https://www.nsf.gov/pubs/2008/nsf08575/nsf08575.htm,"['K.6', 'I.2']"
274,https://www.nsf.gov/pubs/2008/nsf08574/nsf08574.htm,"['C.5', 'I.5', 'D.2', 'D.2', 'I.2', 'C.2', 'D.4', 'F.4', 'C.2', 'I.5', 'C.0', 'J.2', 'H.2', 'J.2', 'H.5', 'H.5', 'I.2', 'J.2']"
275,https://www.nsf.gov/pubs/2008/nsf08568/nsf08568.htm,['K']
276,https://www.nsf.gov/pubs/2008/nsf08566/nsf08566.htm,"['J.5', 'F.4', 'A.0', 'K.6', 'F.4', 'D.3', 'D.2', 'H.5', 'F.4', 'A.0']"
277,https://www.nsf.gov/pubs/2008/nsf08563/nsf08563.htm,"['H.2', 'F.4', 'H.5']"
278,https://www.nsf.gov/pubs/2008/nsf08561/nsf08561.htm,"['H.4', 'F.4', 'K.1']"
279,https://www.nsf.gov/pubs/2008/nsf08560/nsf08560.htm,"['E.5', 'H.5', 'K.4']"
280,https://www.nsf.gov/pubs/2008/nsf08553/nsf08553.htm,['H.2']
281,https://www.nsf.gov/pubs/2008/nsf08542/nsf08542.htm,"['H.3', 'F.3', 'J.1', 'J.2', 'B.2', 'B.4', 'B.3', 'I.2', 'J.2']"
282,https://www.nsf.gov/pubs/2008/nsf08538/nsf08538.htm,"['H.2', 'I.2', 'B.5', 'C', 'J.2']"
283,https://www.nsf.gov/pubs/2008/nsf08534/nsf08534.htm,"['G.1', 'D.4', 'H.2', 'I.5', 'C.1', 'H.5', 'H.5']"
284,https://www.nsf.gov/pubs/2008/nsf08524/nsf08524.htm,"['I.2', 'I.2']"
285,https://www.nsf.gov/pubs/2008/nsf08521/nsf08521.htm,['D.4']
286,https://www.nsf.gov/pubs/2008/nsf08520/nsf08520.htm,"['H.2', 'I.2', 'D.2', 'H.2', 'I.2', 'J.2', 'H.2', 'F.4', 'F.4', 'H.5', 'H.5', 'F.3', 'J.2']"
287,https://www.nsf.gov/pubs/2008/nsf08519/nsf08519.htm,"['I.5', 'D.2', 'I.2', 'C.2', 'D.4', 'C.2', 'I.5', 'C.0', 'J.2', 'H.2', 'J.2', 'G.3', 'F.4', 'H.5', 'H.5', 'J.2']"
288,https://www.nsf.gov/pubs/2008/nsf08517/nsf08517.htm,"['J.5', 'H.2', 'H.2', 'H', 'D.4', 'J.2']"
289,https://www.nsf.gov/pubs/2008/nsf08514/nsf08514.htm,"['K.3', 'B.7', 'H.5', 'H.5']"
290,https://www.nsf.gov/pubs/2008/nsf08513/nsf08513.htm,['F.4']
291,https://www.nsf.gov/pubs/2008/nsf08508/nsf08508.htm,"['J.5', 'I.2', 'H.2', 'I.2', 'J.2', 'F.4', 'J.2']"
292,https://www.nsf.gov/pubs/2007/nsf07600/nsf07600.htm,"['I.2', 'E.2', 'G.1', 'F.4', 'G.1', 'D.2']"
293,https://www.nsf.gov/pubs/2007/nsf07598/nsf07598.htm,['I.2']
294,https://www.nsf.gov/pubs/2007/nsf07592/nsf07592.htm,['K']
295,https://www.nsf.gov/pubs/2007/nsf07590/nsf07590.htm,"['G.1', 'H.5', 'D.2', 'H.5', 'F.4']"
296,https://www.nsf.gov/pubs/2007/nsf07579/nsf07579.htm,"['J.5', 'D.4', 'D.4', 'I.2', 'H.2', 'H.5', 'J.2', 'F.3']"
297,https://www.nsf.gov/pubs/2007/nsf07568/nsf07568.htm,"['J.5', 'K.6', 'F.4', 'K.6', 'D.2', 'H.5', 'F.4', 'A.0']"
298,https://www.nsf.gov/pubs/2007/nsf07565/nsf07565.htm,"['G.1', 'H', 'K.6', 'D.2', 'F.4']"
299,https://www.nsf.gov/pubs/2007/nsf07556/nsf07556.htm,"['I.3', 'I.2', 'I.2', 'H.5']"
300,https://www.nsf.gov/pubs/2007/nsf07547/nsf07547.htm,"['I.2', 'D.2', 'H.2', 'I.2', 'H.2', 'F.4', 'F.4', 'H.5', 'H.5', 'J.2']"
301,https://www.nsf.gov/pubs/2007/nsf07545/nsf07545.htm,"['G.1', 'D.4', 'H.2', 'I.5', 'C.1', 'H.5', 'H.5']"
302,https://www.nsf.gov/pubs/2007/nsf07543/nsf07543.htm,"['H.2', 'G.1', 'K.1', 'B.2', 'B.4', 'B.3', 'I.2', 'F.4', 'J.2']"
303,https://www.nsf.gov/pubs/2007/nsf07541/nsf07541.htm,"['D.2', 'I.2', 'I.2', 'H.5', 'H.2', 'F.3', 'G.1', 'K.4', 'J.2']"
304,https://www.nsf.gov/pubs/2007/nsf07535/nsf07535.htm,"['I.1', 'I.5', 'B.2', 'B.4', 'B.3', 'I.2', 'H.2', 'F.4', 'H.5', 'D.2']"
305,https://www.nsf.gov/pubs/2007/nsf07534/nsf07534.htm,"['J.5', 'K.3']"
306,https://www.nsf.gov/pubs/2007/nsf07529/nsf07529.htm,"['C.2', 'H.2', 'J.2', 'B.2', 'B.4', 'B.3']"
307,https://www.nsf.gov/pubs/2007/nsf07523/nsf07523.htm,"['J.5', 'H.2', 'H', 'K.1', 'J.2']"
308,https://www.nsf.gov/pubs/2007/nsf07517/nsf07517.htm,"['J.5', 'B.4', 'B.4', 'H.2', 'D.4', 'J.2', 'H.5', 'H.5', 'J.2']"
309,https://www.nsf.gov/pubs/2007/nsf07506/nsf07506.htm,"['C.2', 'D.2', 'I.5', 'C.0', 'J.2', 'C.2', 'J.2', 'J.2']"
310,https://www.nsf.gov/pubs/2007/nsf07505/nsf07505.htm,"['B.2', 'B.3', 'B.6']"
311,https://www.nsf.gov/pubs/2007/nsf07504/nsf07504.htm,"['C.5', 'I.2', 'B.5', 'C', 'C.5', 'B.7']"
312,https://www.nsf.gov/pubs/2007/nsf07500/nsf07500.htm,"['F.1', 'H.0', 'I.0', 'B.6', 'F.3', 'D.1', 'A.0', 'C.1', 'B.2', 'I.6', 'H.3', 'K.3', 'D.4', 'B.3', 'I.3', 'B.5', 'I.4', 'B.7', 'C.2', 'B.1', 'G.2', 'K.7', 'G.0', 'I.5', 'D.3', 'H.4', 'K.6', 'K.5', 'F.0', 'B.4', 'F.4', 'I.7', 'C.0', 'F.2', 'B.0', 'I.1', 'H.1', 'E.0', 'D.2', 'H.5', 'C.5', 'K.4', 'J.0', 'H.2', 'G.1', 'K.0', 'K.8', 'D.0', 'I.2']"
313,https://www.nsf.gov/pubs/2006/nsf06610/nsf06610.htm,['C.5']
314,https://www.nsf.gov/pubs/2006/nsf06607/nsf06607.htm,"['J.5', 'J.3', 'H.5', 'K.1']"
315,https://www.nsf.gov/pubs/2006/nsf06602/nsf06602.htm,"['D.2', 'J.3', 'H.2', 'H.5', 'J.2', 'H.5', 'G.1']"
316,https://www.nsf.gov/pubs/2006/nsf06595/nsf06595.htm,"['I.2', 'J.5', 'H.2', 'H.5', 'H.5', 'J.2', 'H.2', 'G.1', 'J.2']"
317,https://www.nsf.gov/pubs/2006/nsf06592/nsf06592.htm,"['H.2', 'I.3', 'H.5', 'H.2', 'H.5', 'I.2', 'J.2']"
318,https://www.nsf.gov/pubs/2006/nsf06588/nsf06588.htm,"['F.1', 'H.0', 'I.0', 'B.6', 'F.3', 'D.1', 'A.0', 'C.1', 'B.2', 'I.6', 'H.3', 'K.3', 'D.4', 'B.3', 'I.3', 'B.5', 'I.4', 'B.7', 'C.2', 'B.1', 'G.2', 'K.7', 'G.0', 'I.5', 'D.3', 'H.4', 'K.6', 'K.5', 'F.0', 'B.4', 'F.4', 'I.7', 'C.0', 'F.2', 'B.0', 'I.1', 'H.1', 'E.0', 'D.2', 'H.5', 'C.5', 'K.4', 'J.0', 'H.2', 'G.1', 'K.0', 'K.8', 'D.0', 'I.2']"
319,https://www.nsf.gov/pubs/2006/nsf06587/nsf06587.htm,['I.2']
320,https://www.nsf.gov/pubs/2006/nsf06576/nsf06576.htm,['J.2']
321,https://www.nsf.gov/pubs/2006/nsf06572/nsf06572.htm,"['J.5', 'J.2', 'K', 'H.2', 'K.6', 'I.2', 'J.2']"
322,https://www.nsf.gov/pubs/2006/nsf06570/nsf06570.htm,"['F.4', 'K.6', 'F.4']"
323,https://www.nsf.gov/pubs/2006/nsf06566/nsf06566.htm,"['J.5', 'I.4', 'H.3', 'A.0', 'F.4', 'D.2', 'C.2', 'C.2', 'A.0', 'J.2']"
324,https://www.nsf.gov/pubs/2006/nsf06563/nsf06563.htm,"['C.2', 'J.2', 'F.4', 'J.2']"
325,https://www.nsf.gov/pubs/2006/nsf06562/nsf06562.htm,"['I.2', 'E.2', 'J.2']"
326,https://www.nsf.gov/pubs/2006/nsf06561/nsf06561.htm,"['I.3', 'I.2', 'J.2']"
327,https://www.nsf.gov/pubs/2006/nsf06559/nsf06559.htm,"['F.4', 'K.3', 'K.3', 'H.2', 'K.1', 'C.2', 'H.5', 'H.5']"
328,https://www.nsf.gov/pubs/2006/nsf06557/nsf06557.htm,['I.2']
329,https://www.nsf.gov/pubs/2006/nsf06546/nsf06546.htm,"['G.1', 'I.2', 'J.2', 'E.2', 'G.1']"
330,https://www.nsf.gov/pubs/2006/nsf06545/nsf06545.htm,"['J.5', 'F.3', 'H.2', 'D.4', 'J.2', 'J.3', 'I.2', 'F.3']"
331,https://www.nsf.gov/pubs/2006/nsf06544/nsf06544.htm,['C.2']
332,https://www.nsf.gov/pubs/2006/nsf06536/nsf06536.htm,"['H.2', 'G.1', 'K.1', 'B.2', 'B.4', 'B.3', 'I.2', 'F.4', 'J.2']"
333,https://www.nsf.gov/pubs/2006/nsf06535/nsf06535.htm,"['J.5', 'H.2', 'K.3', 'D.2', 'I.2', 'I.3', 'B.2', 'B.4', 'B.3', 'H.1', 'F.3', 'I.2', 'K.1', 'H.5', 'J.2']"
334,https://www.nsf.gov/pubs/2006/nsf06524/nsf06524.htm,"['H.5', 'H.5', 'H.2', 'G.1', 'J.2']"
335,https://www.nsf.gov/pubs/2006/nsf06519/nsf06519.htm,"['H.5', 'I.2']"
336,https://www.nsf.gov/pubs/2006/nsf06517/nsf06517.htm,"['F.1', 'H.0', 'I.0', 'B.6', 'F.3', 'D.1', 'A.0', 'C.1', 'B.2', 'I.6', 'H.3', 'K.3', 'D.4', 'B.3', 'I.3', 'B.5', 'I.4', 'B.7', 'C.2', 'B.1', 'G.2', 'K.7', 'G.0', 'I.5', 'D.3', 'H.4', 'K.6', 'K.5', 'F.0', 'B.4', 'F.4', 'I.7', 'C.0', 'F.2', 'B.0', 'I.1', 'H.1', 'E.0', 'D.2', 'H.5', 'C.5', 'K.4', 'J.0', 'H.2', 'G.1', 'K.0', 'K.8', 'D.0', 'I.2']"
337,https://www.nsf.gov/pubs/2006/nsf06516/nsf06516.htm,"['J.1', 'D.4']"
338,https://www.nsf.gov/pubs/2006/nsf06509/nsf06509.htm,"['J.5', 'I.2', 'H.2', 'I.2', 'J.2', 'F.4', 'J.2']"
339,https://www.nsf.gov/pubs/2005/nsf05629/nsf05629.htm,"['C.5', 'C', 'C.5', 'B.7']"
340,https://www.nsf.gov/pubs/2005/nsf05628/nsf05628.htm,['C.5']
341,https://www.nsf.gov/pubs/2005/nsf05626/nsf05626.htm,"['J.5', 'H.2', 'H', 'K.1', 'J.2']"
342,https://www.nsf.gov/pubs/2005/nsf05620/nsf05620.htm,"['J.5', 'K.6', 'K.3', 'D.2', 'F.4', 'J.2']"
343,https://www.nsf.gov/pubs/2005/nsf05617/nsf05617.htm,"['D.2', 'J.3', 'H.2', 'H.5', 'J.2', 'H.5', 'G.1']"
344,https://www.nsf.gov/pubs/2005/nsf05616/nsf05616.htm,"['H.5', 'H.2', 'H.5', 'H.5', 'G.3']"
345,https://www.nsf.gov/pubs/2005/nsf05611/nsf05611.htm,"['A.0', 'I.4', 'I.4', 'C.0', 'J.3', 'A.0', 'H.5', 'H.2', 'H.5', 'H.5', 'H.5', 'A.0']"
346,https://www.nsf.gov/pubs/2005/nsf05610/nsf05610.htm,"['J.5', 'H.2', 'H.2', 'H.2', 'J.2', 'H.5', 'H.5', 'J.2']"
347,https://www.nsf.gov/pubs/2005/nsf05607/nsf05607.htm,"['J.5', 'H.2', 'H.5', 'H.2', 'H.5']"
348,https://www.nsf.gov/pubs/2005/nsf05601/nsf05601.htm,"['H.2', 'I.3', 'H.5', 'H.2', 'H.5', 'I.2', 'J.2']"
349,https://www.nsf.gov/pubs/2005/nsf05588/nsf05588.htm,"['J.5', 'H.2', 'H.2', 'J.2', 'J.2']"
350,https://www.nsf.gov/pubs/2005/nsf05577/nsf05577.htm,['D.2']
351,https://www.nsf.gov/pubs/2005/nsf05576/nsf05576.htm,"['H.3', 'I.5', 'H.5', 'D.4']"
352,https://www.nsf.gov/pubs/2005/nsf05570/nsf05570.htm,"['I.2', 'H.2']"
353,https://www.nsf.gov/pubs/2005/nsf05561/nsf05561.htm,['I.2']
354,https://www.nsf.gov/pubs/2005/nsf05554/nsf05554.htm,['I.2']
355,https://www.nsf.gov/pubs/2005/nsf05551/nsf05551.htm,['I.2']
356,https://www.nsf.gov/pubs/2005/nsf05547/nsf05547.htm,"['H.2', 'H.5', 'H.5', 'D.4', 'J.2']"
357,https://www.nsf.gov/pubs/2005/nsf05536/nsf05536.htm,['F.4']
358,https://www.nsf.gov/pubs/2005/nsf05532/nsf05532.htm,"['H.2', 'J.2']"
359,https://www.nsf.gov/pubs/2005/nsf05527/nsf05527.htm,"['K.6', 'F.3', 'C.2', 'D.2', 'I.5', 'C.0', 'J.2', 'C.2', 'J.2', 'J.2']"
360,https://www.nsf.gov/pubs/2005/nsf05526/nsf05526.htm,"['I.4', 'H.5', 'H.2', 'H.5']"
361,https://www.nsf.gov/pubs/2005/nsf05522/nsf05522.htm,"['I.2', 'E.2', 'G.1', 'F.4', 'G.1', 'D.2']"
362,https://www.nsf.gov/pubs/2005/nsf05520/nsf05520.htm,"['J.5', 'I.2']"
363,https://www.nsf.gov/pubs/2005/nsf05518/nsf05518.htm,"['F.1', 'H.0', 'I.0', 'B.6', 'F.3', 'D.1', 'A.0', 'C.1', 'B.2', 'I.6', 'H.3', 'K.3', 'D.4', 'B.3', 'I.3', 'B.5', 'I.4', 'B.7', 'C.2', 'B.1', 'G.2', 'K.7', 'G.0', 'I.5', 'D.3', 'H.4', 'K.6', 'K.5', 'F.0', 'B.4', 'F.4', 'I.7', 'C.0', 'F.2', 'B.0', 'I.1', 'H.1', 'E.0', 'D.2', 'H.5', 'C.5', 'K.4', 'J.0', 'H.2', 'G.1', 'K.0', 'K.8', 'D.0', 'I.2']"
364,https://www.nsf.gov/pubs/2005/nsf05517/nsf05517.htm,"['D.2', 'J.2', 'H.2', 'F.4', 'J.2']"
365,https://www.nsf.gov/pubs/2005/nsf05509/nsf05509.htm,['I.2']
366,https://www.nsf.gov/pubs/2005/nsf05505/nsf05505.htm,['D.4']
367,https://www.nsf.gov/pubs/2005/nsf05504/nsf05504.htm,['J.7']
368,https://www.nsf.gov/pubs/2005/nsf05500/nsf05500.htm,['H.5']
369,https://www.nsf.gov/pubs/2004/nsf04615/nsf04615.htm,"['H.5', 'H.2']"
370,https://www.nsf.gov/pubs/2004/nsf04609/nsf04609.htm,"['C.5', 'C', 'C.5', 'B.7']"
371,https://www.nsf.gov/pubs/2004/nsf04600/nsf04600.htm,"['F.1', 'H.0', 'I.0', 'B.6', 'F.3', 'D.1', 'A.0', 'C.1', 'B.2', 'I.6', 'H.3', 'K.3', 'D.4', 'B.3', 'I.3', 'B.5', 'I.4', 'B.7', 'C.2', 'B.1', 'G.2', 'K.7', 'G.0', 'I.5', 'D.3', 'H.4', 'K.6', 'K.5', 'F.0', 'B.4', 'F.4', 'I.7', 'C.0', 'F.2', 'B.0', 'I.1', 'H.1', 'E.0', 'D.2', 'H.5', 'C.5', 'K.4', 'J.0', 'H.2', 'G.1', 'K.0', 'K.8', 'D.0', 'I.2']"
372,https://www.nsf.gov/pubs/2004/nsf04594/nsf04594.htm,"['H.2', 'H.2', 'B.2', 'B.4', 'B.3', 'C.2', 'H.5', 'H.5', 'J.2']"
373,https://www.nsf.gov/pubs/2004/nsf04589/nsf04589.htm,"['I.2', 'E.2', 'J.2']"
374,https://www.nsf.gov/pubs/2004/nsf04581/nsf04581.htm,"['C.5', 'D.2']"
375,https://www.nsf.gov/pubs/2004/nsf04572/nsf04572.htm,['J.5']
376,https://www.nsf.gov/pubs/2004/nsf04570/nsf04570.htm,"['C.5', 'J.5', 'I.2', 'D.3', 'J.7', 'J.2', 'D.2', 'I.2', 'D.3', 'B.4', 'F.4', 'J.2']"
377,https://www.nsf.gov/pubs/2004/nsf04569/nsf04569.htm,"['F.1', 'H.0', 'I.0', 'B.6', 'F.3', 'D.1', 'A.0', 'C.1', 'B.2', 'I.6', 'H.3', 'K.3', 'D.4', 'B.3', 'I.3', 'B.5', 'I.4', 'B.7', 'C.2', 'B.1', 'G.2', 'K.7', 'G.0', 'I.5', 'D.3', 'H.4', 'K.6', 'K.5', 'F.0', 'B.4', 'F.4', 'I.7', 'C.0', 'F.2', 'B.0', 'I.1', 'H.1', 'E.0', 'D.2', 'H.5', 'C.5', 'K.4', 'J.0', 'H.2', 'G.1', 'K.0', 'K.8', 'D.0', 'I.2']"
378,https://www.nsf.gov/pubs/2004/nsf04552/nsf04552.htm,"['F.1', 'H.0', 'I.0', 'B.6', 'F.3', 'D.1', 'A.0', 'C.1', 'B.2', 'I.6', 'H.3', 'K.3', 'D.4', 'B.3', 'I.3', 'B.5', 'I.4', 'B.7', 'C.2', 'B.1', 'G.2', 'K.7', 'G.0', 'I.5', 'D.3', 'H.4', 'K.6', 'K.5', 'F.0', 'B.4', 'F.4', 'I.7', 'C.0', 'F.2', 'B.0', 'I.1', 'H.1', 'E.0', 'D.2', 'H.5', 'C.5', 'K.4', 'J.0', 'H.2', 'G.1', 'K.0', 'K.8', 'D.0', 'I.2']"
379,https://www.nsf.gov/pubs/2004/nsf04550/nsf04550.htm,['D.2']
380,https://www.nsf.gov/pubs/2004/nsf04541/nsf04541.htm,"['F.1', 'H.0', 'I.0', 'B.6', 'F.3', 'D.1', 'A.0', 'C.1', 'B.2', 'I.6', 'H.3', 'K.3', 'D.4', 'B.3', 'I.3', 'B.5', 'I.4', 'B.7', 'C.2', 'B.1', 'G.2', 'K.7', 'G.0', 'I.5', 'D.3', 'H.4', 'K.6', 'K.5', 'F.0', 'B.4', 'F.4', 'I.7', 'C.0', 'F.2', 'B.0', 'I.1', 'H.1', 'E.0', 'D.2', 'H.5', 'C.5', 'K.4', 'J.0', 'H.2', 'G.1', 'K.0', 'K.8', 'D.0', 'I.2']"
381,https://www.nsf.gov/pubs/2004/nsf04540/nsf04540.htm,['D.4']
382,https://www.nsf.gov/pubs/2004/nsf04538/nsf04538.htm,"['J.5', 'I.3', 'H.2', 'H.5', 'I.3', 'K.1', 'J.2']"
383,https://www.nsf.gov/pubs/2004/nsf04537/nsf04537.htm,"['J.5', 'I.2']"
384,https://www.nsf.gov/pubs/2004/nsf04536/nsf04536.htm,"['F.1', 'H.0', 'I.0', 'B.6', 'F.3', 'D.1', 'A.0', 'C.1', 'B.2', 'I.6', 'H.3', 'K.3', 'D.4', 'B.3', 'I.3', 'B.5', 'I.4', 'B.7', 'C.2', 'B.1', 'G.2', 'K.7', 'G.0', 'I.5', 'D.3', 'H.4', 'K.6', 'K.5', 'F.0', 'B.4', 'F.4', 'I.7', 'C.0', 'F.2', 'B.0', 'I.1', 'H.1', 'E.0', 'D.2', 'H.5', 'C.5', 'K.4', 'J.0', 'H.2', 'G.1', 'K.0', 'K.8', 'D.0', 'I.2']"
385,https://www.nsf.gov/pubs/2004/nsf04535/nsf04535.htm,"['F.1', 'H.0', 'I.0', 'B.6', 'F.3', 'D.1', 'A.0', 'C.1', 'B.2', 'I.6', 'H.3', 'K.3', 'D.4', 'B.3', 'I.3', 'B.5', 'I.4', 'B.7', 'C.2', 'B.1', 'G.2', 'K.7', 'G.0', 'I.5', 'D.3', 'H.4', 'K.6', 'K.5', 'F.0', 'B.4', 'F.4', 'I.7', 'C.0', 'F.2', 'B.0', 'I.1', 'H.1', 'E.0', 'D.2', 'H.5', 'C.5', 'K.4', 'J.0', 'H.2', 'G.1', 'K.0', 'K.8', 'D.0', 'I.2']"
386,https://www.nsf.gov/pubs/2004/nsf04534/nsf04534.htm,"['J.5', 'H.2', 'F.4', 'J.2', 'H.5']"
387,https://www.nsf.gov/pubs/2004/nsf04532/nsf04532.htm,"['I.3', 'H.2', 'I.1', 'H.5', 'B.5', 'F.4', 'H.5', 'H.5']"
388,https://www.nsf.gov/pubs/2004/nsf04531/nsf04531.htm,"['H.2', 'G.1', 'K.4', 'H.2', 'J.2', 'H.5', 'F.4']"
389,https://www.nsf.gov/pubs/2004/nsf04530/nsf04530.htm,"['J.5', 'F.4', 'H.2', 'H', 'H.5', 'K.1', 'J.2']"
390,https://www.nsf.gov/pubs/2004/nsf04524/nsf04524.htm,"['F.1', 'H.0', 'I.0', 'B.6', 'F.3', 'D.1', 'A.0', 'C.1', 'B.2', 'I.6', 'H.3', 'K.3', 'D.4', 'B.3', 'I.3', 'B.5', 'I.4', 'B.7', 'C.2', 'B.1', 'G.2', 'K.7', 'G.0', 'I.5', 'D.3', 'H.4', 'K.6', 'K.5', 'F.0', 'B.4', 'F.4', 'I.7', 'C.0', 'F.2', 'B.0', 'I.1', 'H.1', 'E.0', 'D.2', 'H.5', 'C.5', 'K.4', 'J.0', 'H.2', 'G.1', 'K.0', 'K.8', 'D.0', 'I.2']"
391,https://www.nsf.gov/pubs/2004/nsf04522/nsf04522.htm,"['I.4', 'H.5', 'H.2', 'H.5']"
392,https://www.nsf.gov/pubs/2004/nsf04520/nsf04520.htm,['C.5']
393,https://www.nsf.gov/pubs/2004/nsf04516/nsf04516.htm,"['F.1', 'H.0', 'I.0', 'B.6', 'F.3', 'D.1', 'A.0', 'C.1', 'B.2', 'I.6', 'H.3', 'K.3', 'D.4', 'B.3', 'I.3', 'B.5', 'I.4', 'B.7', 'C.2', 'B.1', 'G.2', 'K.7', 'G.0', 'I.5', 'D.3', 'H.4', 'K.6', 'K.5', 'F.0', 'B.4', 'F.4', 'I.7', 'C.0', 'F.2', 'B.0', 'I.1', 'H.1', 'E.0', 'D.2', 'H.5', 'C.5', 'K.4', 'J.0', 'H.2', 'G.1', 'K.0', 'K.8', 'D.0', 'I.2']"
394,https://www.nsf.gov/pubs/2004/nsf04514/nsf04514.htm,"['B.7', 'F.4', 'I.3', 'G.1', 'H.5']"
395,https://www.nsf.gov/pubs/2004/nsf04512/nsf04512.htm,"['J.2', 'I.2']"
396,https://www.nsf.gov/pubs/2004/nsf04503/nsf04503.htm,"['G.1', 'F.4']"
397,https://www.nsf.gov/pubs/2004/nsf04500/nsf04500.htm,"['D.2', 'D.2']"
398,https://www.nsf.gov/pubs/2004/nsf04012/nsf04012.htm,['H.1']
399,https://www.nsf.gov/pubs/2003/nsf03613/nsf03613.htm,['D.4']
400,https://www.nsf.gov/pubs/2003/nsf03612/nsf03612.htm,"['F.1', 'H.0', 'I.0', 'B.6', 'F.3', 'D.1', 'A.0', 'C.1', 'B.2', 'I.6', 'H.3', 'K.3', 'D.4', 'B.3', 'I.3', 'B.5', 'I.4', 'B.7', 'C.2', 'B.1', 'G.2', 'K.7', 'G.0', 'I.5', 'D.3', 'H.4', 'K.6', 'K.5', 'F.0', 'B.4', 'F.4', 'I.7', 'C.0', 'F.2', 'B.0', 'I.1', 'H.1', 'E.0', 'D.2', 'H.5', 'C.5', 'K.4', 'J.0', 'H.2', 'G.1', 'K.0', 'K.8', 'D.0', 'I.2']"
401,https://www.nsf.gov/pubs/2003/nsf03608/nsf03608.htm,['G.1']
402,https://www.nsf.gov/pubs/2003/nsf03607/nsf03607.htm,"['D.4', 'J.2']"
403,https://www.nsf.gov/pubs/2003/nsf03602/nsf03602.htm,"['H.5', 'I.5']"
404,https://www.nsf.gov/pubs/2003/nsf03600/nsf03600.htm,['I.2']
405,https://www.nsf.gov/pubs/2003/nsf03597/nsf03597.htm,"['F.1', 'H.0', 'I.0', 'B.6', 'F.3', 'D.1', 'A.0', 'C.1', 'B.2', 'I.6', 'H.3', 'K.3', 'D.4', 'B.3', 'I.3', 'B.5', 'I.4', 'B.7', 'C.2', 'B.1', 'G.2', 'K.7', 'G.0', 'I.5', 'D.3', 'H.4', 'K.6', 'K.5', 'F.0', 'B.4', 'F.4', 'I.7', 'C.0', 'F.2', 'B.0', 'I.1', 'H.1', 'E.0', 'D.2', 'H.5', 'C.5', 'K.4', 'J.0', 'H.2', 'G.1', 'K.0', 'K.8', 'D.0', 'I.2']"
406,https://www.nsf.gov/pubs/2003/nsf03591/nsf03591.htm,"['H.2', 'H.5', 'H.5', 'B.2', 'B.4', 'B.3']"
407,https://www.nsf.gov/pubs/2003/nsf03589/nsf03589.htm,"['F.3', 'C.2', 'D.2', 'I.5', 'C.0', 'J.2', 'C.2', 'J.2', 'J.2']"
408,https://www.nsf.gov/pubs/2003/nsf03580/nsf03580.htm,"['H.2', 'H.5', 'H.5']"
409,https://www.nsf.gov/pubs/2003/nsf03575/nsf03575.htm,"['F.1', 'H.0', 'I.0', 'B.6', 'F.3', 'D.1', 'A.0', 'C.1', 'B.2', 'I.6', 'H.3', 'K.3', 'D.4', 'B.3', 'I.3', 'B.5', 'I.4', 'B.7', 'C.2', 'B.1', 'G.2', 'K.7', 'G.0', 'I.5', 'D.3', 'H.4', 'K.6', 'K.5', 'F.0', 'B.4', 'F.4', 'I.7', 'C.0', 'F.2', 'B.0', 'I.1', 'H.1', 'E.0', 'D.2', 'H.5', 'C.5', 'K.4', 'J.0', 'H.2', 'G.1', 'K.0', 'K.8', 'D.0', 'I.2']"
410,https://www.nsf.gov/pubs/2003/nsf03573/nsf03573.htm,"['H.5', 'J.7', 'H.5', 'I.2']"
411,https://www.nsf.gov/pubs/2003/nsf03567/nsf03567.htm,"['I.2', 'H.5', 'E.2', 'J.2']"
412,https://www.nsf.gov/pubs/2003/nsf03565/nsf03565.htm,"['G.1', 'H.2', 'H.5']"
413,https://www.nsf.gov/pubs/2003/nsf03562/nsf03562.htm,"['D.4', 'J.2', 'H.5', 'I.5', 'C.1', 'J.2', 'J.2', 'J.2']"
414,https://www.nsf.gov/pubs/2003/nsf03561/nsf03561.htm,"['C.2', 'J.2', 'J.2']"
415,https://www.nsf.gov/pubs/2003/nsf03560/nsf03560.htm,"['J.5', 'I.4', 'H.5', 'H.3', 'A.0', 'F.4', 'D.2', 'C.2', 'C.2', 'A.0', 'J.2']"
416,https://www.nsf.gov/pubs/2003/nsf03556/nsf03556.htm,"['H.5', 'D.4', 'D.4', 'J.2']"
417,https://www.nsf.gov/pubs/2003/nsf03543/nsf03543.htm,['I.2']
418,https://www.nsf.gov/pubs/2003/nsf03537/nsf03537.htm,"['H.5', 'H.2', 'H.5', 'D.4']"
419,https://www.nsf.gov/pubs/2003/nsf03527/nsf03527.htm,"['H.5', 'H.5', 'H.2', 'J.2']"
420,https://www.nsf.gov/pubs/2003/nsf03526/nsf03526.htm,"['H.5', 'H.2']"
421,https://www.nsf.gov/pubs/2003/nsf03525/nsf03525.htm,"['J.3', 'H.2', 'H.2', 'G.3', 'G.1', 'H.5', 'J.2', 'H.5', 'H.5', 'I.2', 'J.2']"
422,https://www.nsf.gov/pubs/2003/nsf03523/nsf03523.htm,"['F.1', 'H.0', 'I.0', 'B.6', 'F.3', 'D.1', 'A.0', 'C.1', 'B.2', 'I.6', 'H.3', 'K.3', 'D.4', 'B.3', 'I.3', 'B.5', 'I.4', 'B.7', 'C.2', 'B.1', 'G.2', 'K.7', 'G.0', 'I.5', 'D.3', 'H.4', 'K.6', 'K.5', 'F.0', 'B.4', 'F.4', 'I.7', 'C.0', 'F.2', 'B.0', 'I.1', 'H.1', 'E.0', 'D.2', 'H.5', 'C.5', 'K.4', 'J.0', 'H.2', 'G.1', 'K.0', 'K.8', 'D.0', 'I.2']"
423,https://www.nsf.gov/pubs/2003/nsf03519/nsf03519.html,"['J.5', 'H.5', 'H.2', 'H.2', 'J.2', 'F.2', 'H.5', 'H.5', 'J.2']"
424,https://www.nsf.gov/pubs/2003/nsf03518/nsf03518.html,"['I.2', 'H.5']"
425,https://www.nsf.gov/pubs/2003/nsf03517/nsf03517.htm,"['K.6', 'H.5', 'F.3', 'F.4', 'J.2']"
426,https://www.nsf.gov/pubs/2003/nsf03514/nsf03514.htm,"['F.1', 'H.0', 'I.0', 'B.6', 'F.3', 'D.1', 'A.0', 'C.1', 'B.2', 'I.6', 'H.3', 'K.3', 'D.4', 'B.3', 'I.3', 'B.5', 'I.4', 'B.7', 'C.2', 'B.1', 'G.2', 'K.7', 'G.0', 'I.5', 'D.3', 'H.4', 'K.6', 'K.5', 'F.0', 'B.4', 'F.4', 'I.7', 'C.0', 'F.2', 'B.0', 'I.1', 'H.1', 'E.0', 'D.2', 'H.5', 'C.5', 'K.4', 'J.0', 'H.2', 'G.1', 'K.0', 'K.8', 'D.0', 'I.2']"
427,https://www.nsf.gov/pubs/2003/nsf03512/nsf03512.htm,"['J.5', 'G.1', 'I.4', 'J.5', 'C.2', 'J.2', 'H', 'H.2', 'H.5', 'K.1', 'F.4', 'H.5', 'H.5', 'J.2']"
428,https://www.nsf.gov/pubs/2003/nsf03511/nsf03511.htm,"['F.1', 'H.0', 'I.0', 'B.6', 'F.3', 'D.1', 'A.0', 'C.1', 'B.2', 'I.6', 'H.3', 'K.3', 'D.4', 'B.3', 'I.3', 'B.5', 'I.4', 'B.7', 'C.2', 'B.1', 'G.2', 'K.7', 'G.0', 'I.5', 'D.3', 'H.4', 'K.6', 'K.5', 'F.0', 'B.4', 'F.4', 'I.7', 'C.0', 'F.2', 'B.0', 'I.1', 'H.1', 'E.0', 'D.2', 'H.5', 'C.5', 'K.4', 'J.0', 'H.2', 'G.1', 'K.0', 'K.8', 'D.0', 'I.2']"
429,https://www.nsf.gov/pubs/2003/nsf03043/nsf03043.htm,"['H.2', 'H.5', 'H.2', 'J.2', 'H.5']"
430,https://www.nsf.gov/pubs/2002/nsf02189/nsf02189.htm,"['F.1', 'H.0', 'I.0', 'B.6', 'F.3', 'D.1', 'A.0', 'C.1', 'B.2', 'I.6', 'H.3', 'K.3', 'D.4', 'B.3', 'I.3', 'B.5', 'I.4', 'B.7', 'C.2', 'B.1', 'G.2', 'K.7', 'G.0', 'I.5', 'D.3', 'H.4', 'K.6', 'K.5', 'F.0', 'B.4', 'F.4', 'I.7', 'C.0', 'F.2', 'B.0', 'I.1', 'H.1', 'E.0', 'D.2', 'H.5', 'C.5', 'K.4', 'J.0', 'H.2', 'G.1', 'K.0', 'K.8', 'D.0', 'I.2']"
431,https://www.nsf.gov/pubs/2002/nsf02188/nsf02188.htm,"['F.1', 'H.0', 'I.0', 'B.6', 'F.3', 'D.1', 'A.0', 'C.1', 'B.2', 'I.6', 'H.3', 'K.3', 'D.4', 'B.3', 'I.3', 'B.5', 'I.4', 'B.7', 'C.2', 'B.1', 'G.2', 'K.7', 'G.0', 'I.5', 'D.3', 'H.4', 'K.6', 'K.5', 'F.0', 'B.4', 'F.4', 'I.7', 'C.0', 'F.2', 'B.0', 'I.1', 'H.1', 'E.0', 'D.2', 'H.5', 'C.5', 'K.4', 'J.0', 'H.2', 'G.1', 'K.0', 'K.8', 'D.0', 'I.2']"
432,http://www.nsf.gov/pubs/2007/nsf07577/nsf07577.htm,"['J.5', 'J.2', 'K', 'H.2', 'K.6', 'I.2', 'J.2']"
433,http://www.nsf.gov/pubs/2006/nsf06504/nsf06504.htm,"['I.5', 'D.2', 'C.2', 'D.4', 'F.3', 'C.2', 'I.5', 'C.0', 'D.3', 'J.2', 'H.2', 'J.2', 'H.5', 'H.3', 'H.5', 'G.3', 'H.5', 'H.5', 'H.5', 'J.2']"
