,nsf_proposal_links_v1,skills
0,https://www.nsf.gov/pubs/2021/nsf21598/nsf21598.htm,"{'economic development', 'engineering', 'development', 'science engineering', 'industry', 'material', 'professional development', 'higher education'}"
1,https://www.nsf.gov/pubs/2021/nsf21527/nsf21527.htm,"{'engineering', 'science engineering', 'environmental engineering', 'chemical'}"
2,https://www.nsf.gov/pubs/2020/nsf20609/nsf20609.htm,"{'theoretical foundation', 'computer science'}"
3,https://www.nsf.gov/pubs/2020/nsf20604/nsf20604.htm,"{'artificial intelligence', 'security', 'economic impact', 'development', 'ai', 'machine learning', 'continued advancement', 'industry', 'learning'}"
4,https://www.nsf.gov/pubs/2020/nsf20591/nsf20591.htm,"{'science engineering', 'project develop', 'engineering', 'communication', 'computer information', 'information science'}"
5,https://www.nsf.gov/pubs/2020/nsf20589/nsf20589.htm,"{'design synthesis', 'synthesis characterization', 'national science', 'polymer', 'engineering', 'processing', 'physic', 'control', 'development', 'united state', 'property', 'discovery', 'industry', 'novel design', 'synthesis', 'material unique', 'lead new', 'biomaterials', 'fundamental understanding', 'material', 'science foundation'}"
6,https://www.nsf.gov/pubs/2020/nsf20588/nsf20588.htm,"{'design synthesis', 'synthesis characterization', 'electronic photonic', 'chemistry', 'engineering', 'processing', 'control', 'development', 'united state', 'property', 'discovery', 'industry', 'novel design', 'solid state', 'synthesis', 'material unique', 'lead new', 'fundamental understanding', 'material'}"
7,https://www.nsf.gov/pubs/2020/nsf20586/nsf20586.htm,"{'chemistry', 'chemical'}"
8,https://www.nsf.gov/pubs/2020/nsf20584/nsf20584.htm,"{'national science', 'engineering', 'computer science', 'experience new', 'revolve around', 'area', 'science engineering', 'industry', 'computer information', 'science technology', 'material', 'information science', 'directorate engineering', 'science foundation'}"
9,https://www.nsf.gov/pubs/2020/nsf20582/nsf20582.htm,"{'material state', 'modeling', 'polymer', 'method used', 'statistical mechanic', 'material system', 'learning', 'science foundation', 'soft material', 'development', 'area', 'machine learning', 'material soft', 'solid state', 'biomaterials', 'material', 'national science', 'broad spectrum', 'fundamental understanding', 'soft matter', 'electronic photonic', 'molecular dynamic', 'chemistry', 'physic', 'property', 'dynamic', 'polymeric material'}"
10,https://www.nsf.gov/pubs/2020/nsf20577/nsf20577.htm,"{'chemistry', 'imaging', 'computational method', 'dynamic', 'synthesis', 'chemical', 'catalysis'}"
11,https://www.nsf.gov/pubs/2020/nsf20575/nsf20575.htm,"{'national science', 'national institute', 'support interface', 'statistic', 'health', 'biomedical science', 'biomedical', 'science foundation'}"
12,https://www.nsf.gov/pubs/2020/nsf20574/nsf20574.htm,"{'communication', 'chemical'}"
13,https://www.nsf.gov/pubs/2020/nsf20566/nsf20566.htm,"{'artificial intelligence', 'ha long', 'security', 'algorithm', 'support system', 'ai', 'machine learning', 'ai system', 'health', 'decision support', 'learning'}"
14,https://www.nsf.gov/pubs/2020/nsf20564/nsf20564.htm,{'synthesis'}
15,https://www.nsf.gov/pubs/2020/nsf20563/nsf20563.htm,"{'artificial intelligence', 'security', 'energy', 'machine learning', 'automation', 'civil', 'personalized medicine', 'range application', 'learning'}"
16,https://www.nsf.gov/pubs/2020/nsf20560/nsf20560.htm,"{'energy transport', 'experimental theoretical', 'modeling', 'including limited', 'engineering', 'energy', 'science engineering', 'synthesis', 'biological process', 'chemical'}"
17,https://www.nsf.gov/pubs/2020/nsf20557/nsf20557.htm,"{'system application', 'application including', 'high speed', 'wireless communication', 'communication', 'internet thing', 'thing iot'}"
18,https://www.nsf.gov/pubs/2020/nsf20553/nsf20553.htm,"{'engineering', 'development', 'including engineering'}"
19,https://www.nsf.gov/pubs/2020/nsf20552/nsf20552.htm,"{'production', 'business', 'logistics', 'machine design', 'material', 'chemical'}"
20,https://www.nsf.gov/pubs/2020/nsf20544/nsf20544.htm,"{'science engineering', 'engineering', 'computer information', 'information science', 'national science', 'science foundation'}"
21,https://www.nsf.gov/pubs/2020/nsf20541/nsf20541.htm,"{'cell type', 'national science', 'cell cell', 'foundation nsf', 'control', 'dynamic', 'fundamental understanding', 'develop strategy', 'chemical', 'science foundation', 'product'}"
22,https://www.nsf.gov/pubs/2020/nsf20540/nsf20540.htm,"{'deep learning', 'artificial intelligence', 'national science', 'engineering', 'area', 'science engineering', 'graduate student', 'activity focused', 'computer information', 'new york', 'principal investigator', 'information science', 'learning', 'science foundation'}"
23,https://www.nsf.gov/pubs/2020/nsf20539/nsf20539.htm,"{'national science', 'computer science', 'foundation nsf', 'development', 'teaching', 'material', 'science foundation', 'professional development'}"
24,https://www.nsf.gov/pubs/2020/nsf20522/nsf20522.htm,"{'united state', 'development', 'robotics'}"
25,https://www.nsf.gov/pubs/2020/nsf20517/nsf20517.htm,"{'science engineering', 'environmental engineering', 'engineering', 'chemical'}"
26,https://www.nsf.gov/pubs/2020/nsf20514/nsf20514.htm,"{'program director', 'national science', 'engineering', 'foundation nsf', 'area', 'science engineering', 'area future', 'science foundation'}"
27,https://www.nsf.gov/pubs/2020/nsf20513/nsf20513.htm,"{'program director', 'national science', 'engineering', 'foundation nsf', 'area', 'science engineering', 'area future', 'science foundation'}"
28,https://www.nsf.gov/pubs/2020/nsf20511/nsf20511.htm,"{'system application', 'artificial intelligence', 'security', 'national science', 'engineering', 'control', 'energy', 'area', 'machine learning', 'fuel', 'synthesis', 'big data', 'cyber system', 'communication', 'information science', 'learning', 'science foundation'}"
29,https://www.nsf.gov/pubs/2020/nsf20510/nsf20510.htm,"{'national science', 'engineering', 'division electrical', 'review process', 'civil', 'cyber system', 'communication', 'chemical', 'directorate engineering', 'science foundation'}"
30,https://www.nsf.gov/pubs/2020/nsf20505/nsf20505.htm,"{'national science', 'year', 'full professor', 'development', 'area', 'retention', 'track', 'science foundation', 'professional development'}"
31,https://www.nsf.gov/pubs/2020/nsf20503/nsf20503.htm,"{'artificial intelligence', 'security', 'economic impact', 'development', 'ai', 'machine learning', 'continued advancement', 'industry', 'learning'}"
32,https://www.nsf.gov/pubs/2020/nsf20501/nsf20501.htm,"{'national science', 'engineering', 'foundation nsf', 'thermal transport', 'dynamic', 'combustion', 'transport phenomenon', 'transport process', 'fluid dynamic', 'chemical', 'science foundation'}"
33,https://www.nsf.gov/pubs/2020/nsf20500/nsf20500.htm,"{'mechanobiology', 'national science', 'tissue engineering', 'engineering', 'foundation nsf', 'civil', 'chemical', 'science foundation'}"
34,https://www.nsf.gov/pubs/2019/nsf19614/nsf19614.htm,"{'first year', 'engineering education', 'professional engineer', 'year', 'engineering', 'engineering material', 'engineering department', 'professional practice', 'capstone design', 'material', 'learning'}"
35,https://www.nsf.gov/pubs/2019/nsf19613/nsf19613.htm,"{'system application', 'modeling', 'year', 'engineering', 'embedded system', 'area', 'machine learning', 'science engineering', 'computer information', 'synthesis', 'information science', 'learning'}"
36,https://www.nsf.gov/pubs/2019/nsf19599/nsf19599.htm,"{'engineering', 'directorate engineering', 'area'}"
37,https://www.nsf.gov/pubs/2019/nsf19596/nsf19596.htm,"{'engineering', 'physic', 'material science', 'property', 'science engineering', 'applied mathematics', 'plasma', 'material'}"
38,https://www.nsf.gov/pubs/2019/nsf19589/nsf19589.htm,"{'science engineering', 'project develop', 'engineering', 'communication', 'computer information', 'information science'}"
39,https://www.nsf.gov/pubs/2019/nsf19577/nsf19577.htm,"{'chemistry', 'imaging', 'computational method', 'dynamic', 'synthesis', 'chemical', 'catalysis'}"
40,https://www.nsf.gov/pubs/2019/nsf19575/nsf19575.htm,"{'mm', 'development', 'statistic'}"
41,https://www.nsf.gov/pubs/2019/nsf19572/nsf19572.htm,"{'security', 'engineering', 'problem involving', 'cyber system'}"
42,https://www.nsf.gov/pubs/2019/nsf19571/nsf19571.htm,"{'artificial intelligence', 'ha long', 'security', 'national science', 'ai', 'machine learning', 'ai system', 'health', 'learning', 'science foundation'}"
43,https://www.nsf.gov/pubs/2019/nsf19553/nsf19553.htm,"{'artificial intelligence', 'security', 'energy', 'civil', 'personalized medicine', 'range application'}"
44,https://www.nsf.gov/pubs/2019/nsf19536/nsf19536.htm,"{'national science', 'united state', 'development', 'robotics', 'science foundation'}"
45,https://www.nsf.gov/pubs/2019/nsf19532/nsf19532.htm,"{'program director', 'national science', 'engineering', 'foundation nsf', 'area', 'science engineering', 'area future', 'science foundation'}"
46,https://www.nsf.gov/pubs/2019/nsf19529/nsf19529.htm,"{'security', 'national science', 'engineering', 'energy', 'science engineering', 'service', 'computer information', 'information science', 'directorate engineering', 'science foundation'}"
47,https://www.nsf.gov/pubs/2019/nsf19528/nsf19528.htm,"{'dynamic', 'chemical'}"
48,https://www.nsf.gov/pubs/2019/nsf19525/nsf19525.htm,"{'national science', 'engineering', 'foundation nsf', 'thermal transport', 'dynamic', 'combustion', 'transport phenomenon', 'transport process', 'fluid dynamic', 'chemical', 'science foundation'}"
49,https://www.nsf.gov/pubs/2019/nsf19520/nsf19520.htm,"{'mm', 'national science', 'production', 'development', 'statistic', 'science foundation'}"
50,https://www.nsf.gov/pubs/2019/nsf19516/nsf19516.htm,"{'national science', 'engineering', 'system design', 'material science', 'development', 'property', 'science engineering', 'discovery', 'advanced material', 'coordination activity', 'material', 'science foundation'}"
51,https://www.nsf.gov/pubs/2019/nsf19511/nsf19511.htm,"{'program director', 'national science', 'engineering', 'foundation nsf', 'area', 'science engineering', 'area future', 'science foundation'}"
52,https://www.nsf.gov/pubs/2019/nsf19509/nsf19509.htm,"{'mechanobiology', 'national science', 'tissue engineering', 'engineering', 'foundation nsf', 'civil', 'chemical', 'science foundation'}"
53,https://www.nsf.gov/pubs/2019/nsf19505/nsf19505.htm,"{'national science', 'year', 'science foundation'}"
54,https://www.nsf.gov/pubs/2018/nsf18598/nsf18598.htm,"{'engineering', 'united state', 'science engineering', 'industry', 'computer information', 'big data', 'information science'}"
55,https://www.nsf.gov/pubs/2018/nsf18596/nsf18596.htm,"{'system application', 'modeling', 'year', 'engineering', 'area', 'machine learning', 'science engineering', 'computer information', 'synthesis', 'information science', 'learning'}"
56,https://www.nsf.gov/pubs/2018/nsf18595/nsf18595.htm,{'multidisciplinary approach'}
57,https://www.nsf.gov/pubs/2018/nsf18591/nsf18591.htm,"{'theoretical foundation', 'computer science'}"
58,https://www.nsf.gov/pubs/2018/nsf18585/nsf18585.htm,"{'national science', 'science foundation'}"
59,https://www.nsf.gov/pubs/2018/nsf18572/nsf18572.htm,"{'security', 'engineering', 'problem involving', 'cyber system'}"
60,https://www.nsf.gov/pubs/2018/nsf18571/nsf18571.htm,"{'engineering', 'development', 'science engineering', 'industry', 'material', 'professional development', 'higher education'}"
61,https://www.nsf.gov/pubs/2018/nsf18570/nsf18570.htm,"{'project develop', 'intelligent system'}"
62,https://www.nsf.gov/pubs/2018/nsf18569/nsf18569.htm,"{'development novel', 'development'}"
63,https://www.nsf.gov/pubs/2018/nsf18567/nsf18567.htm,"{'engineering education', 'security', 'engineering', 'development', 'area', 'science engineering', 'discovery', 'service', 'computational data', 'translational'}"
64,https://www.nsf.gov/pubs/2018/nsf18566/nsf18566.htm,"{'national science', 'national institute', 'nih', 'foundation nsf', 'support interface', 'statistic', 'health', 'biomedical science', 'biomedical', 'science foundation'}"
65,https://www.nsf.gov/pubs/2018/nsf18564/nsf18564.htm,"{'physic', 'broad range'}"
66,https://www.nsf.gov/pubs/2018/nsf18561/nsf18561.htm,"{'chemistry', 'imaging', 'computational method', 'dynamic', 'synthesis', 'chemical', 'catalysis'}"
67,https://www.nsf.gov/pubs/2018/nsf18557/nsf18557.htm,"{'perception', 'actuation', 'smart grid', 'communication'}"
68,https://www.nsf.gov/pubs/2018/nsf18556/nsf18556.htm,"{'national science', 'engineering', 'computer science', 'system directorate', 'foundation nsf', 'science engineering', 'graduate student', 'computer information', 'engineering division', 'health', 'principal investigator', 'material', 'information science', 'directorate engineering', 'science foundation'}"
69,https://www.nsf.gov/pubs/2018/nsf18541/nsf18541.htm,"{'public health', 'process modeling', 'security', 'national science', 'modeling', 'national institute', 'engineering', 'nih', 'aging', 'foundation nsf', 'development', 'area', 'science engineering', 'computer information', 'health', 'biomedical', 'information science', 'science foundation'}"
70,https://www.nsf.gov/pubs/2018/nsf18538/nsf18538.htm,"{'artificial intelligence', 'security', 'national science', 'energy', 'civil', 'personalized medicine', 'range application', 'science foundation'}"
71,https://www.nsf.gov/pubs/2018/nsf18537/nsf18537.htm,"{'national science', 'computer science', 'foundation nsf', 'development', 'teaching', 'material', 'science foundation', 'professional development'}"
72,https://www.nsf.gov/pubs/2018/nsf18536/nsf18536.htm,"{'system application', 'modeling', 'year', 'engineering', 'area', 'machine learning', 'science engineering', 'computer information', 'synthesis', 'information science', 'learning'}"
73,https://www.nsf.gov/pubs/2018/nsf18528/nsf18528.htm,"{'science engineering', 'engineering', 'computer information', 'information science'}"
74,https://www.nsf.gov/pubs/2018/nsf18525/nsf18525.htm,{'chemical'}
75,https://www.nsf.gov/pubs/2018/nsf18521/nsf18521.htm,"{'national science', 'engineering', 'foundation nsf', 'dynamic', 'fluid dynamic', 'chemical', 'science foundation'}"
76,https://www.nsf.gov/pubs/2018/nsf18518/nsf18518.htm,"{'national science', 'united state', 'development', 'robotics', 'science foundation'}"
77,https://www.nsf.gov/pubs/2018/nsf18517/nsf18517.htm,"{'area', 'product'}"
78,https://www.nsf.gov/pubs/2018/nsf18514/nsf18514.htm,"{'national science', 'tissue engineering', 'engineering', 'foundation nsf', 'chemical', 'science foundation'}"
79,https://www.nsf.gov/pubs/2018/nsf18502/nsf18502.htm,"{'national science', 'foundation nsf', 'development', 'industry', 'program level', 'science foundation', 'higher education'}"
80,https://www.nsf.gov/pubs/2018/nsf18501/nsf18501.htm,"{'theoretical foundation', 'computer science'}"
81,https://www.nsf.gov/pubs/2018/nsf18500/nsf18500.htm,"{'material state', 'modeling', 'polymer', 'method used', 'statistical mechanic', 'material system', 'learning', 'soft material', 'development', 'area', 'machine learning', 'material soft', 'solid state', 'biomaterials', 'material', 'broad spectrum', 'fundamental understanding', 'soft matter', 'electronic photonic', 'molecular dynamic', 'chemistry', 'physic', 'property', 'dynamic', 'polymeric material'}"
82,https://www.nsf.gov/pubs/2017/nsf17601/nsf17601.htm,"{'security', 'national science', 'engineering', 'energy', 'science engineering', 'service', 'computer information', 'information science', 'directorate engineering', 'science foundation'}"
83,https://www.nsf.gov/pubs/2017/nsf17600/nsf17600.htm,{'year'}
84,https://www.nsf.gov/pubs/2017/nsf17589/nsf17589.htm,{'general'}
85,https://www.nsf.gov/pubs/2017/nsf17580/nsf17580.htm,"{'design synthesis', 'synthesis characterization', 'engineering', 'processing', 'control', 'development', 'united state', 'property', 'discovery', 'industry', 'novel design', 'synthesis', 'material unique', 'lead new', 'fundamental understanding', 'material'}"
86,https://www.nsf.gov/pubs/2017/nsf17578/nsf17578.htm,"{'engineering', 'directorate engineering', 'area'}"
87,https://www.nsf.gov/pubs/2017/nsf17576/nsf17576.htm,"{'security', 'engineering', 'problem involving', 'cyber system'}"
88,https://www.nsf.gov/pubs/2017/nsf17575/nsf17575.htm,"{'engineering', 'computer science', 'experience new', 'revolve around', 'area', 'science engineering', 'graduate student', 'computer information', 'science technology', 'information science', 'directorate engineering'}"
89,https://www.nsf.gov/pubs/2017/nsf17572/nsf17572.htm,"{'project develop', 'intelligent system'}"
90,https://www.nsf.gov/pubs/2017/nsf17569/nsf17569.htm,"{'national science', 'national institute', 'nih', 'foundation nsf', 'support interface', 'statistic', 'health', 'biomedical science', 'biomedical', 'science foundation'}"
91,https://www.nsf.gov/pubs/2017/nsf17568/nsf17568.htm,"{'national science', 'engineering', 'development', 'science engineering', 'industry', 'material', 'science foundation', 'professional development'}"
92,https://www.nsf.gov/pubs/2017/nsf17554/nsf17554.htm,"{'experimental study', 'composition', 'physic', 'property', 'wave propagation', 'theoretical experimental', 'material'}"
93,https://www.nsf.gov/pubs/2017/nsf17553/nsf17553.htm,"{'national science', 'united state', 'statistic', 'discovery', 'science foundation'}"
94,https://www.nsf.gov/pubs/2017/nsf17548/nsf17548.htm,"{'information processing', 'processing', 'physic', 'quantum computing'}"
95,https://www.nsf.gov/pubs/2017/nsf17541/nsf17541.htm,"{'national science', 'engineering', 'computer science', 'teaching', 'including engineering', 'science technology', 'track', 'science foundation'}"
96,https://www.nsf.gov/pubs/2017/nsf17532/nsf17532.htm,"{'engineering activity', 'engineering', 'area', 'science engineering', 'creating new'}"
97,https://www.nsf.gov/pubs/2017/nsf17530/nsf17530.htm,{'energy'}
98,https://www.nsf.gov/pubs/2017/nsf17525/nsf17525.htm,"{'national science', 'computer science', 'foundation nsf', 'development', 'teaching', 'material', 'science foundation', 'professional development'}"
99,https://www.nsf.gov/pubs/2017/nsf17519/nsf17519.htm,"{'broad spectrum', 'engineering', 'area', 'science engineering', 'multidisciplinary approach'}"
100,https://www.nsf.gov/pubs/2017/nsf17518/nsf17518.htm,"{'robotics', 'development', 'united state'}"
101,https://www.nsf.gov/pubs/2017/nsf17517/nsf17517.htm,"{'national science', 'engineering', 'foundation nsf', 'thermal transport', 'combustion', 'transport process', 'chemical', 'science foundation'}"
102,https://www.nsf.gov/pubs/2017/nsf17504/nsf17504.htm,"{'earth science', 'area'}"
103,https://www.nsf.gov/pubs/2017/nsf17503/nsf17503.htm,"{'national science', 'foundation nsf', 'development', 'industry', 'program level', 'science foundation', 'higher education'}"
104,https://www.nsf.gov/pubs/2016/nsf16616/nsf16616.htm,"{'security', 'national science', 'engineering', 'energy', 'science engineering', 'service', 'computer information', 'information science', 'directorate engineering', 'science foundation'}"
105,https://www.nsf.gov/pubs/2016/nsf16613/nsf16613.htm,"{'engineering', 'system design', 'material science', 'development', 'property', 'science engineering', 'discovery', 'advanced material', 'coordination activity', 'material'}"
106,https://www.nsf.gov/pubs/2016/nsf16611/nsf16611.htm,"{'efficient operation', 'national science', 'development', 'area', 'earth science', 'protocol development', 'science foundation'}"
107,https://www.nsf.gov/pubs/2016/nsf16608/nsf16608.htm,"{'actuation', 'communication'}"
108,https://www.nsf.gov/pubs/2016/nsf16607/nsf16607.htm,"{'theoretical foundation', 'computer science'}"
109,https://www.nsf.gov/pubs/2016/nsf16605/nsf16605.htm,{'year'}
110,https://www.nsf.gov/pubs/2016/nsf16604/nsf16604.htm,"{'industry', 'industry future', 'foundation nsf', 'nanotechnology', 'national science', 'science foundation', 'year', 'area'}"
111,https://www.nsf.gov/pubs/2016/nsf16603/nsf16603.htm,"{'computational model', 'artificial intelligence', 'including limited', 'algorithm', 'computer science', 'computing information', 'area', 'machine learning', 'design analysis', 'programming language', 'computer architecture', 'learning', 'data analytics'}"
112,https://www.nsf.gov/pubs/2016/nsf16601/nsf16601.htm,"{'clinical practice', 'process modeling', 'national science', 'modeling', 'national institute', 'nih', 'health care', 'support system', 'foundation nsf', 'development', 'area', 'machine learning', 'health', 'decision support', 'learning', 'science foundation'}"
113,https://www.nsf.gov/pubs/2016/nsf16598/nsf16598.htm,"{'experimental study', 'composition', 'physic', 'property', 'wave propagation', 'theoretical experimental', 'material'}"
114,https://www.nsf.gov/pubs/2016/nsf16597/nsf16597.htm,"{'national science', 'mechanism associated', 'nucleation', 'objective program', 'processing', 'development', 'property', 'composite', 'discovery', 'synthesis', 'thin film', 'fundamental understanding', 'development new', 'material', 'science foundation'}"
115,https://www.nsf.gov/pubs/2016/nsf16596/nsf16596.htm,"{'material state', 'modeling', 'soft material', 'broad spectrum', 'polymer', 'electronic photonic', 'molecular dynamic', 'chemistry', 'statistical mechanic', 'physic', 'development', 'area', 'property', 'material soft', 'well predictive', 'dynamic', 'solid state', 'biomaterials', 'fundamental understanding', 'material', 'polymeric material', 'soft matter'}"
116,https://www.nsf.gov/pubs/2016/nsf16591/nsf16591.htm,"{'composition', 'test bed', 'industry', 'service'}"
117,https://www.nsf.gov/pubs/2016/nsf16581/nsf16581.htm,"{'project develop', 'intelligent system', 'national science', 'science foundation'}"
118,https://www.nsf.gov/pubs/2016/nsf16580/nsf16580.htm,"{'security', 'engineering', 'problem involving', 'cyber system'}"
119,https://www.nsf.gov/pubs/2016/nsf16573/nsf16573.htm,"{'big data', 'biomedical'}"
120,https://www.nsf.gov/pubs/2016/nsf16569/nsf16569.htm,"{'theoretical framework', 'experimental theoretical', 'development', 'instrumentation technique'}"
121,https://www.nsf.gov/pubs/2016/nsf16564/nsf16564.htm,"{'engineering', 'physic', 'material science', 'property', 'science engineering', 'applied mathematics', 'plasma', 'material'}"
122,https://www.nsf.gov/pubs/2016/nsf16559/nsf16559.htm,"{'national science', 'engineering', 'teaching', 'science technology', 'track', 'science foundation'}"
123,https://www.nsf.gov/pubs/2016/nsf16543/nsf16543.htm,"{'national science', 'national institute', 'support interface', 'statistic', 'health', 'biomedical science', 'biomedical', 'science foundation'}"
124,https://www.nsf.gov/pubs/2016/nsf16537/nsf16537.htm,"{'national science', 'engineering', 'science engineering', 'service', 'computer information', 'information science', 'science foundation'}"
125,https://www.nsf.gov/pubs/2016/nsf16535/nsf16535.htm,{'computing information'}
126,https://www.nsf.gov/pubs/2016/nsf16532/nsf16532.htm,"{'national science', 'engineering', 'development', 'science engineering', 'discovery', 'science foundation'}"
127,https://www.nsf.gov/pubs/2016/nsf16518/nsf16518.htm,"{'national science', 'engineering', 'foundation nsf', 'dynamic', 'fluid dynamic', 'chemical', 'science foundation'}"
128,https://www.nsf.gov/pubs/2016/nsf16517/nsf16517.htm,"{'department energy', 'national science', 'national institute', 'department defense', 'nih', 'nasa', 'foundation nsf', 'united state', 'development', 'energy', 'area', 'doe', 'health', 'robotics', 'application area', 'science foundation'}"
129,https://www.nsf.gov/pubs/2016/nsf16515/nsf16515.htm,"{'computational model', 'artificial intelligence', 'including limited', 'algorithm', 'computer science', 'computing information', 'area', 'machine learning', 'design analysis', 'programming language', 'computer architecture', 'learning', 'data analytics'}"
130,https://www.nsf.gov/pubs/2016/nsf16513/nsf16513.htm,"{'health safety', 'industrially relevant', 'industry future', 'national science', 'year', 'engineering', 'production', 'foundation nsf', 'area', 'industry', 'environmental health', 'low cost', 'health', 'manufacturing process', 'characterization evaluation', 'nanomaterials', 'science foundation'}"
131,https://www.nsf.gov/pubs/2015/nsf15610/nsf15610.htm,"{'composition', 'test bed', 'industry', 'service'}"
132,https://www.nsf.gov/pubs/2015/nsf15608/nsf15608.htm,"{'engineering', 'system design', 'computational method', 'material science', 'development', 'property', 'science engineering', 'discovery', 'advanced material', 'visual analytics', 'material'}"
133,https://www.nsf.gov/pubs/2015/nsf15601/nsf15601.htm,"{'engineering', 'physic', 'material science', 'property', 'science engineering', 'applied mathematics', 'plasma', 'material'}"
134,https://www.nsf.gov/pubs/2015/nsf15595/nsf15595.htm,"{'theoretical foundation', 'computer science'}"
135,https://www.nsf.gov/pubs/2015/nsf15591/nsf15591.htm,{'general'}
136,https://www.nsf.gov/pubs/2015/nsf15582/nsf15582.htm,"{'national science', 'development', 'continued advancement', 'science foundation'}"
137,https://www.nsf.gov/pubs/2015/nsf15574/nsf15574.htm,"{'project develop', 'intelligent system'}"
138,https://www.nsf.gov/pubs/2015/nsf15563/nsf15563.htm,"{'engineering activity', 'engineering', 'area', 'science engineering', 'creating new'}"
139,https://www.nsf.gov/pubs/2015/nsf15559/nsf15559.htm,"{'modeling', 'broad spectrum', 'chemistry', 'biological process', 'material', 'chemical'}"
140,https://www.nsf.gov/pubs/2015/nsf15558/nsf15558.htm,"{'also interested', 'energy transport', 'engineering', 'energy', 'science engineering', 'synthesis', 'biological process', 'chemical'}"
141,https://www.nsf.gov/pubs/2015/nsf15551/nsf15551.htm,"{'science technology', 'engineering', 'foundation nsf', 'national science', 'science foundation'}"
142,https://www.nsf.gov/pubs/2015/nsf15550/nsf15550.htm,"{'national science', 'engineering', 'science engineering', 'service', 'computer information', 'information science', 'science foundation'}"
143,https://www.nsf.gov/pubs/2015/nsf15539/nsf15539.htm,"{'engineering', 'dynamic'}"
144,https://www.nsf.gov/pubs/2015/nsf15536/nsf15536.htm,"{'engineering', 'computer science'}"
145,https://www.nsf.gov/pubs/2015/nsf15530/nsf15530.htm,"{'science technology', 'engineering', 'computer science'}"
146,https://www.nsf.gov/pubs/2015/nsf15524/nsf15524.htm,"{'science engineering', 'engineering'}"
147,https://www.nsf.gov/pubs/2015/nsf15522/nsf15522.htm,"{'material engineering', 'engineering', 'developing new', 'discovery', 'advanced material', 'material'}"
148,https://www.nsf.gov/pubs/2015/nsf15521/nsf15521.htm,"{'science technology', 'science engineering', 'engineering', 'foundation nsf', 'national science', 'science foundation', 'united state', 'statistic'}"
149,https://www.nsf.gov/pubs/2015/nsf15515/nsf15515.htm,"{'computational model', 'including limited', 'algorithm', 'computer science', 'area', 'machine learning', 'design analysis', 'programming language', 'computer architecture', 'learning', 'data analytics'}"
150,https://www.nsf.gov/pubs/2015/nsf15512/nsf15512.htm,"{'science computer', 'computer information', 'information science', 'area'}"
151,https://www.nsf.gov/pubs/2015/nsf15511/nsf15511.htm,{'general'}
152,https://www.nsf.gov/pubs/2015/nsf15507/nsf15507.htm,"{'health safety', 'industrially relevant', 'industry future', 'national science', 'year', 'production', 'foundation nsf', 'area', 'industry', 'environmental health', 'low cost', 'health', 'characterization evaluation', 'nanomaterials', 'nanotechnology', 'science foundation'}"
153,https://www.nsf.gov/pubs/2015/nsf15506/nsf15506.htm,"{'broad spectrum', 'engineering', 'science technology', 'material', 'including medical'}"
154,https://www.nsf.gov/pubs/2015/nsf15505/nsf15505.htm,"{'national science', 'national institute', 'nih', 'nasa', 'foundation nsf', 'united state', 'development', 'health', 'robotics', 'science foundation'}"
155,https://www.nsf.gov/pubs/2014/nsf14602/nsf14602.htm,"{'engineering', 'dynamic'}"
156,https://www.nsf.gov/pubs/2014/nsf14596/nsf14596.htm,"{'project develop', 'intelligent system'}"
157,https://www.nsf.gov/pubs/2014/nsf14591/nsf14591.htm,"{'engineering', 'system design', 'computational method', 'material science', 'development', 'property', 'science engineering', 'discovery', 'advanced material', 'visual analytics', 'material'}"
158,https://www.nsf.gov/pubs/2014/nsf14581/nsf14581.htm,"{'involving multiple', 'advance understanding'}"
159,https://www.nsf.gov/pubs/2014/nsf14577/nsf14577.htm,"{'engineering', 'development', 'science engineering', 'industry', 'professional development'}"
160,https://www.nsf.gov/pubs/2014/nsf14545/nsf14545.htm,"{'modeling', 'chemistry', 'dynamic'}"
161,https://www.nsf.gov/pubs/2014/nsf14544/nsf14544.htm,"{'health safety', 'industrially relevant', 'industry future', 'national science', 'year', 'production', 'foundation nsf', 'area', 'industry', 'environmental health', 'low cost', 'health', 'characterization evaluation', 'nanomaterials', 'nanotechnology', 'science foundation'}"
162,https://www.nsf.gov/pubs/2014/nsf14531/nsf14531.htm,"{'science engineering', 'engineering'}"
163,https://www.nsf.gov/pubs/2014/nsf14529/nsf14529.htm,"{'national science', 'engineering', 'science engineering', 'service', 'computer information', 'information science', 'science foundation'}"
164,https://www.nsf.gov/pubs/2014/nsf14521/nsf14521.htm,"{'two year', 'management', 'year', 'engineering', 'area', 'data driven', 'science computer', 'computational science'}"
165,https://www.nsf.gov/pubs/2014/nsf14519/nsf14519.htm,{'computing information'}
166,https://www.nsf.gov/pubs/2014/nsf14516/nsf14516.htm,{'xps'}
167,https://www.nsf.gov/pubs/2014/nsf14514/nsf14514.htm,{'perception'}
168,https://www.nsf.gov/pubs/2014/nsf14504/nsf14504.htm,"{'theoretical foundation', 'computer science'}"
169,https://www.nsf.gov/pubs/2013/nsf13599/nsf13599.htm,"{'business', 'small business', 'development'}"
170,https://www.nsf.gov/pubs/2013/nsf13596/nsf13596.htm,"{'department energy', 'national science', 'engineering', 'physic', 'foundation nsf', 'energy', 'science engineering', 'plasma', 'doe', 'engineering division', 'chemical', 'directorate engineering', 'science foundation'}"
171,https://www.nsf.gov/pubs/2013/nsf13587/nsf13587.htm,"{'technology also', 'development', 'industry', 'new technology', 'development human'}"
172,https://www.nsf.gov/pubs/2013/nsf13580/nsf13580.htm,"{'intelligent system', 'year', 'computer graphic', 'review process', 'project develop', 'four year'}"
173,https://www.nsf.gov/pubs/2013/nsf13574/nsf13574.htm,"{'development', 'property'}"
174,https://www.nsf.gov/pubs/2013/nsf13570/nsf13570.htm,"{'national science', 'national institute', 'support interface', 'statistic', 'health', 'biomedical science', 'biomedical', 'science foundation'}"
175,https://www.nsf.gov/pubs/2013/nsf13564/nsf13564.htm,"{'engineering', 'foundation nsf', 'directorate engineering', 'national science', 'science foundation', 'energy'}"
176,https://www.nsf.gov/pubs/2013/nsf13563/nsf13563.htm,{'computing information'}
177,https://www.nsf.gov/pubs/2013/nsf13561/nsf13561.htm,"{'production', 'development', 'area', 'distribution technology', 'industry'}"
178,https://www.nsf.gov/pubs/2013/nsf13558/nsf13558.htm,"{'science engineering', 'engineering', 'support effort', 'material'}"
179,https://www.nsf.gov/pubs/2013/nsf13545/nsf13545.htm,"{'foundation nsf', 'national science', 'science foundation', 'area', 'year'}"
180,https://www.nsf.gov/pubs/2013/nsf13543/nsf13543.htm,"{'clinical practice', 'process modeling', 'national science', 'modeling', 'national institute', 'nih', 'support system', 'foundation nsf', 'development', 'area', 'machine learning', 'health', 'decision support', 'learning', 'science foundation'}"
181,https://www.nsf.gov/pubs/2013/nsf13539/nsf13539.htm,"{'national science', 'engineering', 'science engineering', 'service', 'computer information', 'information science', 'science foundation'}"
182,https://www.nsf.gov/pubs/2013/nsf13538/nsf13538.htm,{'general'}
183,https://www.nsf.gov/pubs/2013/nsf13537/nsf13537.htm,"{'brown jr', 'engineering', 'jr network', 'network earthquake', 'earthquake engineering', 'george brown', 'engineering simulation', 'foundation nsf', 'national science', 'science foundation'}"
184,https://www.nsf.gov/pubs/2013/nsf13531/nsf13531.htm,"{'energy transport', 'energy'}"
185,https://www.nsf.gov/pubs/2013/nsf13510/nsf13510.htm,{'discovery'}
186,https://www.nsf.gov/pubs/2013/nsf13507/nsf13507.htm,{'high performance'}
187,https://www.nsf.gov/pubs/2013/nsf13502/nsf13502.htm,{'general'}
188,https://www.nsf.gov/pubs/2013/nsf13500/nsf13500.htm,"{'science engineering', 'engineering'}"
189,https://www.nsf.gov/pubs/2012/nsf12614/nsf12614.htm,{'social science'}
190,https://www.nsf.gov/pubs/2012/nsf12610/nsf12610.htm,"{'advance understanding', 'engineering', 'science engineering'}"
191,https://www.nsf.gov/pubs/2012/nsf12607/nsf12607.htm,"{'national science', 'national institute', 'nih', 'nasa', 'foundation nsf', 'united state', 'development', 'area', 'health', 'robotics', 'application area', 'science foundation'}"
192,https://www.nsf.gov/pubs/2012/nsf12598/nsf12598.htm,"{'experimental study', 'composition', 'physic', 'property', 'wave propagation', 'theoretical experimental', 'material'}"
193,https://www.nsf.gov/pubs/2012/nsf12597/nsf12597.htm,"{'science technology', 'engineering', 'communication', 'development'}"
194,https://www.nsf.gov/pubs/2012/nsf12593/nsf12593.htm,"{'material', 'foundation nsf', 'national science', 'science foundation'}"
195,https://www.nsf.gov/pubs/2012/nsf12583/nsf12583.htm,"{'engineering', 'directorate engineering', 'national science', 'science foundation', 'area'}"
196,https://www.nsf.gov/pubs/2012/nsf12580/nsf12580.htm,"{'intelligent system', 'year', 'computer graphic', 'project funded', 'review process', 'small medium', 'project develop', 'four year'}"
197,https://www.nsf.gov/pubs/2012/nsf12561/nsf12561.htm,"{'national science', 'national institute', 'support interface', 'statistic', 'health', 'biomedical science', 'biomedical', 'science foundation'}"
198,https://www.nsf.gov/pubs/2012/nsf12549/nsf12549.htm,"{'engineering', 'processing', 'computational method', 'development', 'statistic', 'science engineering', 'discovery', 'information processing', 'data mining', 'computational science'}"
199,https://www.nsf.gov/pubs/2012/nsf12547/nsf12547.htm,"{'dynamic', 'dynamic system'}"
200,https://www.nsf.gov/pubs/2012/nsf12546/nsf12546.htm,"{'national science', 'engineering', 'science engineering', 'service', 'computer information', 'information science', 'science foundation'}"
201,https://www.nsf.gov/pubs/2012/nsf12545/nsf12545.htm,"{'science technology', 'science engineering', 'engineering', 'foundation nsf', 'national science', 'science foundation', 'united state', 'statistic'}"
202,https://www.nsf.gov/pubs/2012/nsf12544/nsf12544.htm,"{'industry', 'industry future', 'foundation nsf', 'nanotechnology', 'national science', 'science foundation', 'area', 'year'}"
203,https://www.nsf.gov/pubs/2012/nsf12543/nsf12543.htm,"{'business', 'engineering', 'business technology', 'small business', 'technology transfer'}"
204,https://www.nsf.gov/pubs/2012/nsf12540/nsf12540.htm,"{'science computer', 'computer information', 'information science', 'area'}"
205,https://www.nsf.gov/pubs/2012/nsf12520/nsf12520.htm,"{'engineering high', 'system application', 'science engineering', 'system engineering', 'science technology', 'range application', 'management', 'security', 'engineering', 'development', 'power grid', 'renewable energy', 'material', 'support system', 'civil', 'health', 'traffic', 'production', 'energy', 'wide range', 'information technology', 'chemical'}"
206,https://www.nsf.gov/pubs/2012/nsf12512/nsf12512.htm,"{'process modeling', 'modeling', 'machine learning', 'health', 'learning'}"
207,https://www.nsf.gov/pubs/2012/nsf12510/nsf12510.htm,"{'mm', 'development', 'statistic'}"
208,https://www.nsf.gov/pubs/2012/nsf12503/nsf12503.htm,{'computer science'}
209,https://www.nsf.gov/pubs/2012/nsf12502/nsf12502.htm,"{'algorithm', 'foundation nsf', 'chemical', 'national science', 'science foundation'}"
210,https://www.nsf.gov/pubs/2012/nsf12499/nsf12499.htm,"{'science engineering', 'big data', 'engineering', 'data science'}"
211,https://www.nsf.gov/pubs/2011/nsf11584/nsf11584.htm,"{'project develop', 'computer science', 'social science'}"
212,https://www.nsf.gov/pubs/2011/nsf11576/nsf11576.htm,"{'engineering', 'year'}"
213,https://www.nsf.gov/pubs/2011/nsf11571/nsf11571.htm,"{'engineering', 'directorate engineering', 'national science', 'science foundation', 'area'}"
214,https://www.nsf.gov/pubs/2011/nsf11570/nsf11570.htm,"{'cooperative center', 'national science', 'science foundation', 'area'}"
215,https://www.nsf.gov/pubs/2011/nsf11566/nsf11566.htm,"{'jr network', 'earthquake engineering', 'national science', 'brown jr', 'engineering', 'network earthquake', 'experimentation', 'foundation nsf', 'discovery', 'geotechnical', 'george brown', 'civil', 'engineering simulation', 'directorate engineering', 'science foundation'}"
216,https://www.nsf.gov/pubs/2011/nsf11556/nsf11556.htm,"{'project develop', 'intelligent system'}"
217,https://www.nsf.gov/pubs/2011/nsf11553/nsf11553.htm,"{'national science', 'national institute', 'nih', 'nasa', 'foundation nsf', 'united state', 'development', 'area', 'industry', 'health', 'robotics', 'application area', 'science foundation'}"
218,https://www.nsf.gov/pubs/2011/nsf11552/nsf11552.htm,"{'chemistry', 'energy', 'area', 'industry', 'product', 'chemical'}"
219,https://www.nsf.gov/pubs/2011/nsf11545/nsf11545.htm,{'discovery'}
220,https://www.nsf.gov/pubs/2011/nsf11535/nsf11535.htm,"{'composition', 'property', 'earth science'}"
221,https://www.nsf.gov/pubs/2011/nsf11530/nsf11530.htm,"{'science foundation', 'national science'}"
222,https://www.nsf.gov/pubs/2011/nsf11523/nsf11523.htm,"{'year', 'three year', 'development'}"
223,https://www.nsf.gov/pubs/2011/nsf11516/nsf11516.htm,{'general'}
224,https://www.nsf.gov/pubs/2011/nsf11512/nsf11512.htm,"{'brown jr', 'engineering', 'jr network', 'network earthquake', 'earthquake engineering', 'george brown', 'engineering simulation', 'civil'}"
225,https://www.nsf.gov/pubs/2011/nsf11509/nsf11509.htm,"{'science engineering', 'engineering', 'computer science', 'computer information', 'information science', 'directorate engineering'}"
226,https://www.nsf.gov/pubs/2011/nsf11507/nsf11507.htm,"{'engineering', 'engineering education'}"
227,https://www.nsf.gov/pubs/2011/nsf11505/nsf11505.htm,"{'theoretical foundation', 'computer science'}"
228,https://www.nsf.gov/pubs/2011/nsf11502/nsf11502.htm,"{'engineering education', 'engineering', 'algorithm', 'science engineering', 'discovery', 'wide range'}"
229,https://www.nsf.gov/pubs/2010/nsf10618/nsf10618.htm,"{'industry', 'industry future', 'foundation nsf', 'nanotechnology', 'national science', 'science foundation', 'area'}"
230,https://www.nsf.gov/pubs/2010/nsf10614/nsf10614.htm,"{'science engineering', 'science computer', 'industry', 'engineering', 'computer information', 'information science', 'foundation nsf', 'directorate engineering', 'national science', 'science foundation'}"
231,https://www.nsf.gov/pubs/2010/nsf10613/nsf10613.htm,"{'solar energy', 'conversion storage', 'conversion', 'energy'}"
232,https://www.nsf.gov/pubs/2010/nsf10612/nsf10612.htm,{'dynamic'}
233,https://www.nsf.gov/pubs/2010/nsf10600/nsf10600.htm,{'general'}
234,https://www.nsf.gov/pubs/2010/nsf10591/nsf10591.htm,"{'science engineering', 'graduate student', 'engineering'}"
235,https://www.nsf.gov/pubs/2010/nsf10583/nsf10583.htm,"{'computer science', 'game', 'social science', 'science computer'}"
236,https://www.nsf.gov/pubs/2010/nsf10579/nsf10579.htm,"{'national science', 'national institute', 'support interface', 'statistic', 'health', 'biomedical science', 'biomedical', 'science foundation'}"
237,https://www.nsf.gov/pubs/2010/nsf10577/nsf10577.htm,"{'modeling', 'area', 'dynamic', 'understanding interplay', 'dynamic system'}"
238,https://www.nsf.gov/pubs/2010/nsf10572/nsf10572.htm,"{'year', 'project develop', 'communication', 'four year'}"
239,https://www.nsf.gov/pubs/2010/nsf10571/nsf10571.htm,"{'intelligent system', 'year', 'computer graphic', 'project funded', 'review process', 'small medium', 'project develop', 'four year'}"
240,https://www.nsf.gov/pubs/2010/nsf10567/nsf10567.htm,{'development'}
241,https://www.nsf.gov/pubs/2010/nsf10564/nsf10564.htm,"{'engineering', 'computing information', 'science engineering', 'computer information', 'information science'}"
242,https://www.nsf.gov/pubs/2010/nsf10563/nsf10563.htm,"{'development', 'area'}"
243,https://www.nsf.gov/pubs/2010/nsf10549/nsf10549.htm,"{'department energy', 'national science', 'engineering', 'energy', 'doe', 'technology program', 'directorate engineering', 'science foundation'}"
244,https://www.nsf.gov/pubs/2010/nsf10540/nsf10540.htm,"{'algorithm', 'foundation nsf', 'national science', 'science foundation'}"
245,https://www.nsf.gov/pubs/2010/nsf10533/nsf10533.htm,"{'national science', 'engineering', 'foundation nsf', 'united state', 'science engineering', 'graduate student', 'engineering division', 'health', 'chemical', 'directorate engineering', 'experience undergraduate', 'science foundation'}"
246,https://www.nsf.gov/pubs/2010/nsf10528/nsf10528.htm,"{'design evaluate', 'engineering', 'science engineering', 'computer information', 'theoretical experimental', 'information science'}"
247,https://www.nsf.gov/pubs/2010/nsf10526/nsf10526.htm,"{'security', 'national science', 'foundation nsf', 'new technology', 'material', 'chemical', 'science foundation'}"
248,https://www.nsf.gov/pubs/2010/nsf10525/nsf10525.htm,"{'year', 'three year', 'development'}"
249,https://www.nsf.gov/pubs/2010/nsf10515/nsf10515.htm,"{'search', 'control', 'energy', 'traffic'}"
250,https://www.nsf.gov/pubs/2010/nsf10506/nsf10506.htm,"{'year', 'science engineering', 'discovery', 'thematic area', 'engineering education', 'engineering', 'development', 'area', 'industry', 'social science', 'material', 'student several', 'four year', 'algorithm', 'graduate student', 'wide range', 'five year'}"
251,https://www.nsf.gov/pubs/2010/nsf10502/nsf10502.htm,"{'engineering education', 'engineering', 'learning'}"
252,https://www.nsf.gov/pubs/2009/nsf09610/nsf09610.htm,"{'complex system', 'engineering', 'foundation nsf', 'directorate engineering', 'national science', 'science foundation'}"
253,https://www.nsf.gov/pubs/2009/nsf09607/nsf09607.htm,"{'engineering', 'science engineering', 'business', 'industry', 'graduate student', 'science technology'}"
254,https://www.nsf.gov/pubs/2009/nsf09606/nsf09606.htm,"{'engineering', 'directorate engineering', 'national science', 'science foundation'}"
255,https://www.nsf.gov/pubs/2009/nsf09604/nsf09604.htm,"{'conversion', 'chemistry', 'solar energy', 'material science', 'energy', 'area', 'conversion storage', 'material', 'chemical', 'science area'}"
256,https://www.nsf.gov/pubs/2009/nsf09563/nsf09563.htm,{'perception'}
257,https://www.nsf.gov/pubs/2009/nsf09559/nsf09559.htm,"{'algorithm', 'computer science', 'development', 'property', 'social science', 'new technology'}"
258,https://www.nsf.gov/pubs/2009/nsf09557/nsf09557.htm,"{'project develop', 'intelligent system'}"
259,https://www.nsf.gov/pubs/2009/nsf09552/nsf09552.htm,"{'broad spectrum', 'chemistry', 'development', 'chemical'}"
260,https://www.nsf.gov/pubs/2009/nsf09549/nsf09549.htm,"{'graduate program', 'engineering', 'broad range', 'graduate student', 'teaching', 'science technology', 'learning', 'higher education'}"
261,https://www.nsf.gov/pubs/2009/nsf09542/nsf09542.htm,{'broad range'}
262,https://www.nsf.gov/pubs/2009/nsf09539/nsf09539.htm,"{'composition', 'physic', 'property', 'wave propagation', 'material'}"
263,https://www.nsf.gov/pubs/2009/nsf09538/nsf09538.htm,"{'transport process', 'science focus'}"
264,https://www.nsf.gov/pubs/2009/nsf09532/nsf09532.html,"{'security', 'national science', 'foundation nsf', 'new technology', 'material', 'chemical', 'science foundation'}"
265,https://www.nsf.gov/pubs/2009/nsf09524/nsf09524.htm,"{'jr network', 'earthquake engineering', 'national science', 'brown jr', 'engineering', 'network earthquake', 'experimentation', 'foundation nsf', 'discovery', 'geotechnical', 'george brown', 'civil', 'engineering simulation', 'directorate engineering', 'science foundation'}"
266,https://www.nsf.gov/pubs/2008/nsf08611/nsf08611.htm,"{'search', 'control', 'energy', 'traffic'}"
267,https://www.nsf.gov/pubs/2008/nsf08610/nsf08610.htm,"{'used develop', 'engineering education', 'engineering', 'user interface', 'communication', 'learning'}"
268,https://www.nsf.gov/pubs/2008/nsf08599/nsf08599.htm,"{'national science', 'engineering', 'long term', 'area', 'directorate engineering', 'science foundation', 'specific area'}"
269,https://www.nsf.gov/pubs/2008/nsf08598/nsf08598.htm,"{'conversion', 'chemistry', 'solar energy', 'material science', 'energy', 'area', 'conversion storage', 'material', 'chemical'}"
270,https://www.nsf.gov/pubs/2008/nsf08593/nsf08593.htm,"{'national science', 'year', 'engineering', 'three year', 'united state', 'science technology', 'science foundation'}"
271,https://www.nsf.gov/pubs/2008/nsf08586/nsf08586.htm,"{'particular focus', 'engineering activity', 'national science', 'engineering', 'developing new', 'foundation nsf', 'development', 'science engineering', 'discovery', 'decision making', 'dynamic', 'science technology', 'science foundation'}"
272,https://www.nsf.gov/pubs/2008/nsf08584/nsf08584.htm,"{'embedded system', 'physic', 'industry'}"
273,https://www.nsf.gov/pubs/2008/nsf08575/nsf08575.htm,"{'project develop', 'intelligent system'}"
274,https://www.nsf.gov/pubs/2008/nsf08574/nsf08574.htm,"{'jr network', 'earthquake engineering', 'management', 'national science', 'brown jr', 'engineering', 'network earthquake', 'foundation nsf', 'united state', 'discovery', 'geotechnical', 'service', 'george brown', 'civil', 'computational data', 'engineering simulation', 'directorate engineering', 'science foundation'}"
275,https://www.nsf.gov/pubs/2008/nsf08568/nsf08568.htm,{'computing information'}
276,https://www.nsf.gov/pubs/2008/nsf08566/nsf08566.htm,"{'system level', 'development', 'area', 'fundamental aspect', 'doe', 'development novel', 'biomedical application', 'biomedical', 'development new'}"
277,https://www.nsf.gov/pubs/2008/nsf08563/nsf08563.htm,"{'national science', 'development', 'science foundation'}"
278,https://www.nsf.gov/pubs/2008/nsf08561/nsf08561.htm,"{'mm', 'development', 'statistic'}"
279,https://www.nsf.gov/pubs/2008/nsf08560/nsf08560.htm,"{'five year', 'distributed computing', 'year'}"
280,https://www.nsf.gov/pubs/2008/nsf08553/nsf08553.htm,{'science technology'}
281,https://www.nsf.gov/pubs/2008/nsf08542/nsf08542.htm,"{'engineering education', 'engineering', 'assessment', 'business', 'retention', 'teaching', 'learning'}"
282,https://www.nsf.gov/pubs/2008/nsf08538/nsf08538.htm,"{'engineering', 'control', 'science engineering', 'computer system', 'dynamic'}"
283,https://www.nsf.gov/pubs/2008/nsf08534/nsf08534.htm,"{'security', 'national science', 'foundation nsf', 'new technology', 'material', 'science foundation'}"
284,https://www.nsf.gov/pubs/2008/nsf08524/nsf08524.htm,"{'dynamic', 'understanding dynamic'}"
285,https://www.nsf.gov/pubs/2008/nsf08521/nsf08521.htm,{'communication'}
286,https://www.nsf.gov/pubs/2008/nsf08520/nsf08520.htm,"{'particular focus', 'engineering activity', 'national science', 'engineering', 'developing new', 'foundation nsf', 'development', 'science engineering', 'discovery', 'decision making', 'dynamic', 'science technology', 'science foundation'}"
287,https://www.nsf.gov/pubs/2008/nsf08519/nsf08519.htm,"{'jr network', 'earthquake engineering', 'national science', 'brown jr', 'engineering', 'network earthquake', 'experimentation', 'foundation nsf', 'development', 'discovery', 'geotechnical', 'george brown', 'civil', 'engineering simulation', 'directorate engineering', 'science foundation'}"
288,https://www.nsf.gov/pubs/2008/nsf08517/nsf08517.htm,"{'engineering', 'area', 'science engineering', 'science technology', 'communication', 'information science'}"
289,https://www.nsf.gov/pubs/2008/nsf08514/nsf08514.htm,"{'theoretical foundation', 'advance understanding', 'computer science', 'nih'}"
290,https://www.nsf.gov/pubs/2008/nsf08513/nsf08513.htm,{'development'}
291,https://www.nsf.gov/pubs/2008/nsf08508/nsf08508.htm,"{'engineering education', 'understanding dynamic', 'engineering', 'development', 'area', 'science engineering', 'dynamic'}"
292,https://www.nsf.gov/pubs/2007/nsf07600/nsf07600.htm,"{'performance material', 'structure property', 'composition', 'material', 'development', 'property'}"
293,https://www.nsf.gov/pubs/2007/nsf07598/nsf07598.htm,{'dynamic'}
294,https://www.nsf.gov/pubs/2007/nsf07592/nsf07592.htm,{'computing information'}
295,https://www.nsf.gov/pubs/2007/nsf07590/nsf07590.htm,"{'development', 'nanomaterials', 'material', 'tissue understanding', 'nanotechnology'}"
296,https://www.nsf.gov/pubs/2007/nsf07579/nsf07579.htm,"{'national science', 'engineering', 'long term', 'area', 'prediction', 'directorate engineering', 'science foundation', 'specific area'}"
297,https://www.nsf.gov/pubs/2007/nsf07568/nsf07568.htm,"{'system level', 'software development', 'development', 'area', 'doe', 'development novel', 'biomedical'}"
298,https://www.nsf.gov/pubs/2007/nsf07565/nsf07565.htm,"{'software development', 'development', 'information science', 'ontology', 'product'}"
299,https://www.nsf.gov/pubs/2007/nsf07556/nsf07556.htm,"{'year', 'three year', 'property', 'dynamic'}"
300,https://www.nsf.gov/pubs/2007/nsf07547/nsf07547.htm,"{'national science', 'engineering', 'developing new', 'foundation nsf', 'development', 'science engineering', 'discovery', 'decision making', 'dynamic', 'science foundation'}"
301,https://www.nsf.gov/pubs/2007/nsf07545/nsf07545.htm,"{'security', 'national science', 'foundation nsf', 'new technology', 'material', 'science foundation'}"
302,https://www.nsf.gov/pubs/2007/nsf07543/nsf07543.htm,"{'engineering', 'support effort', 'development', 'teaching', 'science technology', 'material', 'learning'}"
303,https://www.nsf.gov/pubs/2007/nsf07541/nsf07541.htm,"{'engineering', 'intellectual property', 'property', 'science engineering', 'particularly interested', 'graduate student', 'issue involving', 'undergraduate graduate', 'focus improving'}"
304,https://www.nsf.gov/pubs/2007/nsf07535/nsf07535.htm,"{'national science', 'algorithm', 'development', 'information retrieval', 'team conduct', 'prediction', 'science foundation'}"
305,https://www.nsf.gov/pubs/2007/nsf07534/nsf07534.htm,"{'computer science', 'area'}"
306,https://www.nsf.gov/pubs/2007/nsf07529/nsf07529.htm,"{'science technology', 'engineering', 'teaching', 'higher education'}"
307,https://www.nsf.gov/pubs/2007/nsf07523/nsf07523.htm,"{'engineering', 'area', 'science engineering', 'computer information', 'information science'}"
308,https://www.nsf.gov/pubs/2007/nsf07517/nsf07517.htm,"{'national science', 'received nsf', 'chemistry', 'engineering', 'foundation nsf', 'area', 'principal investigator', 'communication', 'science foundation'}"
309,https://www.nsf.gov/pubs/2007/nsf07506/nsf07506.htm,"{'brown jr', 'engineering', 'jr network', 'network earthquake', 'earthquake engineering', 'george brown', 'engineering simulation', 'civil'}"
310,https://www.nsf.gov/pubs/2007/nsf07505/nsf07505.htm,{'design software'}
311,https://www.nsf.gov/pubs/2007/nsf07504/nsf07504.htm,"{'control', 'computer system', 'dynamic', 'service', 'microprocessor'}"
312,https://www.nsf.gov/pubs/2007/nsf07500/nsf07500.htm,{'general'}
313,https://www.nsf.gov/pubs/2006/nsf06610/nsf06610.htm,{'service'}
314,https://www.nsf.gov/pubs/2006/nsf06607/nsf06607.htm,"{'national institute', 'area', 'statistic', 'health'}"
315,https://www.nsf.gov/pubs/2006/nsf06602/nsf06602.htm,"{'national institute', 'engineering', 'japan', 'nih', 'science engineering', 'graduate student', 'health'}"
316,https://www.nsf.gov/pubs/2006/nsf06595/nsf06595.htm,"{'science engineering', 'engineering', 'engineering education', 'structure property', 'foundation nsf', 'national science', 'science foundation', 'area', 'property'}"
317,https://www.nsf.gov/pubs/2006/nsf06592/nsf06592.htm,"{'national science', 'year', 'engineering', 'three year', 'united state', 'science technology', 'science foundation'}"
318,https://www.nsf.gov/pubs/2006/nsf06588/nsf06588.htm,{'general'}
319,https://www.nsf.gov/pubs/2006/nsf06587/nsf06587.htm,{'dynamic'}
320,https://www.nsf.gov/pubs/2006/nsf06576/nsf06576.htm,{'earth science'}
321,https://www.nsf.gov/pubs/2006/nsf06572/nsf06572.htm,"{'science engineering', 'project develop', 'engineering', 'engineering education', 'computing information', 'intelligent system', 'area'}"
322,https://www.nsf.gov/pubs/2006/nsf06570/nsf06570.htm,"{'development novel', 'system level', 'development'}"
323,https://www.nsf.gov/pubs/2006/nsf06566/nsf06566.htm,"{'current area', 'tissue engineering', 'engineering', 'aging', 'imaging', 'development', 'area', 'biomedical', 'biomedical engineering'}"
324,https://www.nsf.gov/pubs/2006/nsf06563/nsf06563.htm,"{'broad spectrum', 'chemistry', 'development', 'chemical'}"
325,https://www.nsf.gov/pubs/2006/nsf06562/nsf06562.htm,"{'composition', 'property', 'earth science'}"
326,https://www.nsf.gov/pubs/2006/nsf06561/nsf06561.htm,"{'modeling', 'chemistry', 'dynamic'}"
327,https://www.nsf.gov/pubs/2006/nsf06559/nsf06559.htm,"{'national science', 'academic program', 'foundation nsf', 'broad range', 'statistic', 'computational science', 'science foundation'}"
328,https://www.nsf.gov/pubs/2006/nsf06557/nsf06557.htm,{'perception'}
329,https://www.nsf.gov/pubs/2006/nsf06546/nsf06546.htm,"{'composition', 'physic', 'property', 'wave propagation', 'material'}"
330,https://www.nsf.gov/pubs/2006/nsf06545/nsf06545.htm,"{'particular attention', 'area', 'wide range', 'transport process', 'biological process', 'process requires', 'science focus', 'chemical'}"
331,https://www.nsf.gov/pubs/2006/nsf06544/nsf06544.htm,{'broad range'}
332,https://www.nsf.gov/pubs/2006/nsf06536/nsf06536.htm,"{'engineering', 'support effort', 'development', 'teaching', 'science technology', 'material', 'learning'}"
333,https://www.nsf.gov/pubs/2006/nsf06535/nsf06535.htm,"{'management', 'modeling', 'engineering', 'assessment', 'natural language', 'computer science', 'knowledge management', 'area', 'technology learning', 'computer information', 'science technology', 'information technology', 'learning'}"
334,https://www.nsf.gov/pubs/2006/nsf06524/nsf06524.htm,"{'science engineering', 'graduate student', 'engineering', 'focus improving', 'year'}"
335,https://www.nsf.gov/pubs/2006/nsf06519/nsf06519.htm,"{'united state', 'year'}"
336,https://www.nsf.gov/pubs/2006/nsf06517/nsf06517.htm,{'general'}
337,https://www.nsf.gov/pubs/2006/nsf06516/nsf06516.htm,"{'manufacturing education', 'communication'}"
338,https://www.nsf.gov/pubs/2006/nsf06509/nsf06509.htm,"{'engineering education', 'understanding dynamic', 'engineering', 'development', 'area', 'science engineering', 'dynamic'}"
339,https://www.nsf.gov/pubs/2005/nsf05629/nsf05629.htm,"{'computer system', 'service', 'microprocessor'}"
340,https://www.nsf.gov/pubs/2005/nsf05628/nsf05628.htm,{'service'}
341,https://www.nsf.gov/pubs/2005/nsf05626/nsf05626.htm,"{'engineering', 'area', 'science engineering', 'computer information', 'information science'}"
342,https://www.nsf.gov/pubs/2005/nsf05620/nsf05620.htm,"{'objective program', 'engineering', 'computer science', 'system design', 'development', 'area'}"
343,https://www.nsf.gov/pubs/2005/nsf05617/nsf05617.htm,"{'national institute', 'engineering', 'japan', 'nih', 'science engineering', 'graduate student', 'health'}"
344,https://www.nsf.gov/pubs/2005/nsf05616/nsf05616.htm,"{'experimental computational', 'national laboratory', 'foundation nsf', 'national science', 'science foundation'}"
345,https://www.nsf.gov/pubs/2005/nsf05611/nsf05611.htm,"{'bioinformatics', 'biomedical imaging', 'imaging bioengineering', 'national science', 'national institute', 'nih', 'imaging', 'foundation nsf', 'institute biomedical', 'health', 'biomedical', 'science foundation'}"
346,https://www.nsf.gov/pubs/2005/nsf05610/nsf05610.htm,"{'engineering education', 'national science', 'engineering', 'foundation nsf', 'area', 'science engineering', 'science technology', 'science foundation'}"
347,https://www.nsf.gov/pubs/2005/nsf05607/nsf05607.htm,"{'national science', 'scientific meeting', 'area', 'foundation award', 'science foundation'}"
348,https://www.nsf.gov/pubs/2005/nsf05601/nsf05601.htm,"{'national science', 'year', 'engineering', 'three year', 'united state', 'science technology', 'science foundation'}"
349,https://www.nsf.gov/pubs/2005/nsf05588/nsf05588.htm,"{'engineering', 'area', 'science engineering', 'science technology', 'engineering technology'}"
350,https://www.nsf.gov/pubs/2005/nsf05577/nsf05577.htm,{'management'}
351,https://www.nsf.gov/pubs/2005/nsf05576/nsf05576.htm,"{'cluster support', 'foundation computing', 'communication'}"
352,https://www.nsf.gov/pubs/2005/nsf05570/nsf05570.htm,"{'dynamic', 'data driven'}"
353,https://www.nsf.gov/pubs/2005/nsf05561/nsf05561.htm,{'learning'}
354,https://www.nsf.gov/pubs/2005/nsf05554/nsf05554.htm,{'dynamic'}
355,https://www.nsf.gov/pubs/2005/nsf05551/nsf05551.htm,{'intelligent system'}
356,https://www.nsf.gov/pubs/2005/nsf05547/nsf05547.htm,"{'engineering', 'foundation nsf', 'directorate engineering', 'national science', 'science foundation'}"
357,https://www.nsf.gov/pubs/2005/nsf05536/nsf05536.htm,{'development'}
358,https://www.nsf.gov/pubs/2005/nsf05532/nsf05532.htm,"{'science engineering', 'engineering'}"
359,https://www.nsf.gov/pubs/2005/nsf05527/nsf05527.htm,"{'brown jr', 'mechanical system', 'engineering', 'jr network', 'network earthquake', 'earthquake engineering', 'george brown', 'system directorate', 'engineering simulation', 'civil'}"
360,https://www.nsf.gov/pubs/2005/nsf05526/nsf05526.htm,"{'foundation nsf', 'national science', 'science foundation', 'sensor network'}"
361,https://www.nsf.gov/pubs/2005/nsf05522/nsf05522.htm,"{'performance material', 'structure property', 'composition', 'material', 'development', 'property'}"
362,https://www.nsf.gov/pubs/2005/nsf05520/nsf05520.htm,"{'dynamic', 'area'}"
363,https://www.nsf.gov/pubs/2005/nsf05518/nsf05518.htm,{'general'}
364,https://www.nsf.gov/pubs/2005/nsf05517/nsf05517.htm,"{'engineering', 'development', 'phd', 'science engineering', 'program ha'}"
365,https://www.nsf.gov/pubs/2005/nsf05509/nsf05509.htm,{'learning'}
366,https://www.nsf.gov/pubs/2005/nsf05505/nsf05505.htm,{'communication'}
367,https://www.nsf.gov/pubs/2005/nsf05504/nsf05504.htm,{'industry'}
368,https://www.nsf.gov/pubs/2005/nsf05500/nsf05500.htm,{'theoretical foundation'}
369,https://www.nsf.gov/pubs/2004/nsf04615/nsf04615.htm,"{'national science', 'science foundation'}"
370,https://www.nsf.gov/pubs/2004/nsf04609/nsf04609.htm,"{'computer system', 'service', 'microprocessor'}"
371,https://www.nsf.gov/pubs/2004/nsf04600/nsf04600.htm,{'general'}
372,https://www.nsf.gov/pubs/2004/nsf04594/nsf04594.htm,"{'national science', 'highest honor', 'engineering', 'foundation nsf', 'teaching', 'science technology', 'science foundation'}"
373,https://www.nsf.gov/pubs/2004/nsf04589/nsf04589.htm,"{'composition', 'property', 'earth science'}"
374,https://www.nsf.gov/pubs/2004/nsf04581/nsf04581.htm,"{'management', 'service'}"
375,https://www.nsf.gov/pubs/2004/nsf04572/nsf04572.htm,{'area'}
376,https://www.nsf.gov/pubs/2004/nsf04570/nsf04570.htm,"{'engineering community', 'engineering', 'processing', 'development', 'area', 'discovery', 'industry', 'service', 'fundamental understanding', 'learning', 'product'}"
377,https://www.nsf.gov/pubs/2004/nsf04569/nsf04569.htm,{'general'}
378,https://www.nsf.gov/pubs/2004/nsf04552/nsf04552.htm,{'general'}
379,https://www.nsf.gov/pubs/2004/nsf04550/nsf04550.htm,{'program ha'}
380,https://www.nsf.gov/pubs/2004/nsf04541/nsf04541.htm,{'general'}
381,https://www.nsf.gov/pubs/2004/nsf04540/nsf04540.htm,{'communication'}
382,https://www.nsf.gov/pubs/2004/nsf04538/nsf04538.htm,"{'modeling', 'engineering', 'area', 'statistic', 'science engineering', 'nsf funding', 'modeling complex'}"
383,https://www.nsf.gov/pubs/2004/nsf04537/nsf04537.htm,"{'dynamic', 'area'}"
384,https://www.nsf.gov/pubs/2004/nsf04536/nsf04536.htm,{'general'}
385,https://www.nsf.gov/pubs/2004/nsf04535/nsf04535.htm,{'general'}
386,https://www.nsf.gov/pubs/2004/nsf04534/nsf04534.htm,"{'chemistry', 'national science', 'science foundation', 'development', 'area'}"
387,https://www.nsf.gov/pubs/2004/nsf04532/nsf04532.htm,"{'national science', 'modeling', 'foundation nsf', 'control', 'development', 'nsf funding', 'analysis optimization', 'science foundation'}"
388,https://www.nsf.gov/pubs/2004/nsf04531/nsf04531.htm,"{'engineering', 'development', 'science engineering', 'nsf funding', 'social science', 'science technology', 'material'}"
389,https://www.nsf.gov/pubs/2004/nsf04530/nsf04530.htm,"{'computational model', 'engineering', 'area', 'science engineering', 'nsf funding', 'computer information', 'information science'}"
390,https://www.nsf.gov/pubs/2004/nsf04524/nsf04524.htm,{'general'}
391,https://www.nsf.gov/pubs/2004/nsf04522/nsf04522.htm,"{'foundation nsf', 'national science', 'science foundation', 'sensor network'}"
392,https://www.nsf.gov/pubs/2004/nsf04520/nsf04520.htm,{'seek determine'}
393,https://www.nsf.gov/pubs/2004/nsf04516/nsf04516.htm,{'general'}
394,https://www.nsf.gov/pubs/2004/nsf04514/nsf04514.htm,"{'theoretical foundation', 'advance understanding', 'modeling', 'approach needed', 'computational approach'}"
395,https://www.nsf.gov/pubs/2004/nsf04512/nsf04512.htm,"{'dynamic', 'earth science'}"
396,https://www.nsf.gov/pubs/2004/nsf04503/nsf04503.htm,"{'material', 'development'}"
397,https://www.nsf.gov/pubs/2004/nsf04500/nsf04500.htm,"{'information data', 'management'}"
398,https://www.nsf.gov/pubs/2004/nsf04012/nsf04012.htm,{'information technology'}
399,https://www.nsf.gov/pubs/2003/nsf03613/nsf03613.htm,{'communication'}
400,https://www.nsf.gov/pubs/2003/nsf03612/nsf03612.htm,{'general'}
401,https://www.nsf.gov/pubs/2003/nsf03608/nsf03608.htm,{'graduate student'}
402,https://www.nsf.gov/pubs/2003/nsf03607/nsf03607.htm,"{'engineering', 'directorate engineering'}"
403,https://www.nsf.gov/pubs/2003/nsf03602/nsf03602.htm,"{'nsf funding', 'computer vision'}"
404,https://www.nsf.gov/pubs/2003/nsf03600/nsf03600.htm,{'artificial intelligence'}
405,https://www.nsf.gov/pubs/2003/nsf03597/nsf03597.htm,{'general'}
406,https://www.nsf.gov/pubs/2003/nsf03591/nsf03591.htm,"{'teaching', 'foundation nsf', 'national science', 'science foundation'}"
407,https://www.nsf.gov/pubs/2003/nsf03589/nsf03589.htm,"{'brown jr', 'mechanical system', 'engineering', 'jr network', 'network earthquake', 'earthquake engineering', 'george brown', 'engineering simulation', 'civil'}"
408,https://www.nsf.gov/pubs/2003/nsf03580/nsf03580.htm,"{'nsf funding', 'national science', 'science foundation'}"
409,https://www.nsf.gov/pubs/2003/nsf03575/nsf03575.htm,{'general'}
410,https://www.nsf.gov/pubs/2003/nsf03573/nsf03573.htm,"{'year', 'nsf funding', 'industry', 'learning'}"
411,https://www.nsf.gov/pubs/2003/nsf03567/nsf03567.htm,"{'composition', 'property', 'nsf funding', 'earth science'}"
412,https://www.nsf.gov/pubs/2003/nsf03565/nsf03565.htm,"{'material', 'national science', 'science foundation'}"
413,https://www.nsf.gov/pubs/2003/nsf03562/nsf03562.htm,"{'engineering education', 'engineering', 'nsf funding', 'engineering technology', 'directorate engineering', 'new curriculum', 'engineering engineering'}"
414,https://www.nsf.gov/pubs/2003/nsf03561/nsf03561.htm,"{'engineering', 'engineering education', 'bridge engineering'}"
415,https://www.nsf.gov/pubs/2003/nsf03560/nsf03560.htm,"{'current area', 'tissue engineering', 'engineering', 'aging', 'imaging', 'development', 'area', 'nsf funding', 'biomedical', 'biomedical engineering'}"
416,https://www.nsf.gov/pubs/2003/nsf03556/nsf03556.htm,"{'engineering', 'communication', 'directorate engineering', 'national science'}"
417,https://www.nsf.gov/pubs/2003/nsf03543/nsf03543.htm,{'united state'}
418,https://www.nsf.gov/pubs/2003/nsf03537/nsf03537.htm,"{'foundation nsf', 'national science', 'science foundation', 'communication'}"
419,https://www.nsf.gov/pubs/2003/nsf03527/nsf03527.htm,"{'foundation nsf', 'engineering', 'national science', 'science foundation'}"
420,https://www.nsf.gov/pubs/2003/nsf03526/nsf03526.htm,"{'national science', 'science foundation'}"
421,https://www.nsf.gov/pubs/2003/nsf03525/nsf03525.htm,"{'national science', 'engineering', 'foundation nsf', 'united state', 'science engineering', 'nsf funding', 'graduate student', 'engineering division', 'health', 'experience undergraduate', 'science foundation'}"
422,https://www.nsf.gov/pubs/2003/nsf03523/nsf03523.htm,{'general'}
423,https://www.nsf.gov/pubs/2003/nsf03519/nsf03519.html,"{'engineering community', 'national science', 'engineering', 'area', 'science engineering', 'nsf funding', 'nanotechnology', 'science foundation', 'fabrication'}"
424,https://www.nsf.gov/pubs/2003/nsf03518/nsf03518.html,"{'nsf funding', 'infrastructure related'}"
425,https://www.nsf.gov/pubs/2003/nsf03517/nsf03517.htm,"{'system important', 'engineering', 'process development', 'development', 'nsf funding'}"
426,https://www.nsf.gov/pubs/2003/nsf03514/nsf03514.htm,{'general'}
427,https://www.nsf.gov/pubs/2003/nsf03512/nsf03512.htm,"{'national science', 'engineering', 'foundation nsf', 'development', 'area', 'nsf funding', 'high quality', 'computer information', 'sensor network', 'material', 'information science', 'chemical', 'science foundation', 'area advanced'}"
428,https://www.nsf.gov/pubs/2003/nsf03511/nsf03511.htm,{'general'}
429,https://www.nsf.gov/pubs/2003/nsf03043/nsf03043.htm,"{'science engineering', 'foundation nsf', 'engineering', 'national science', 'science foundation'}"
430,https://www.nsf.gov/pubs/2002/nsf02189/nsf02189.htm,{'general'}
431,https://www.nsf.gov/pubs/2002/nsf02188/nsf02188.htm,{'general'}
432,http://www.nsf.gov/pubs/2007/nsf07577/nsf07577.htm,"{'science engineering', 'project develop', 'engineering', 'engineering education', 'computing information', 'intelligent system', 'area'}"
433,http://www.nsf.gov/pubs/2006/nsf06504/nsf06504.htm,"{'jr network', 'earthquake engineering', 'national science', 'inc', 'brown jr', 'engineering', 'network earthquake', 'use experimental', 'experimentation', 'foundation nsf', 'nsf funding', 'mechanical system', 'geotechnical', 'george brown', 'civil', 'nationally internationally', 'engineering simulation', 'directorate engineering', 'science foundation'}"
