,nsf_proposal_links_v1,title,synopsis
156,https://www.nsf.gov/pubs/2020/nsf20582/nsf20582.htm,Condensed Matter and Materials Theory (CMMT) (nsf20582) | NSF - National Science Foundation,"CMMT supports theoretical and computational materials research in the topical areas represented in DMR's Topical Materials Research Programs (these are also variously known as Individual Investigator Award (IIA) Programs, or Core Programs, or Disciplinary Programs), which include: Condensed Matter Physics (CMP), Biomaterials (BMAT), Ceramics (CER), Electronic and Photonic Materials (EPM), Metals and Metallic Nanostructures (MMN), Polymers (POL), and Solid State and Materials Chemistry (SSMC). The CMMT program supports fundamental research that advances conceptual understanding of hard and soft materials, and materials-related phenomena; the development of associated analytical, computational, and data-centric techniques; and predictive materials-specific theory, simulation, and modeling for materials research. First-principles electronic structure, quantum many-body and field theories, statistical mechanics, classical and quantum Monte Carlo, and molecular dynamics, are among the methods used in the broad spectrum of research supported in CMMT. Research may encompass the advance of new paradigms in materials research, including emerging data-centric approaches utilizing data-analytics or machine learning. Computational efforts span from the level of workstations to advanced and high-performance scientific computing. Emphasis is on approaches that begin at the smallest appropriate length scale, such as electronic, atomic, molecular, nano-, micro-, and mesoscale, required to yield fundamental insight into material properties, processes, and behavior, to predict new materials and states of matter, and to reveal new materials phenomena. Approaches that span multiple scales of length and time may be required to advance fundamental understanding of materials properties and phenomena, particularly for polymeric materials and soft matter. Areas of recent interest include, but are not limited to: strongly correlated electron systems; active matter; topological phases; low-dimensional materials and systems; quantum and classical non-equilibrium phenomena, the latter including pattern formation, materials growth, micro-structure evolution, fracture, and the jamming transition; gels; glasses; disordered materials, hard and soft; defects; high-temperature superconductivity; nanostructured materials and mesoscale phenomena; creation and manipulation of coherent quantum states; polymeric materials and soft condensed matter, biologically inspired materials, and research at the interface with biology."
281,https://www.nsf.gov/pubs/2020/nsf20552/nsf20552.htm,Future Manufacturing,"As stated in the Strategy for American Leadership in Advanced Manufacturing, worldwide competition in manufacturing has been dominated in recent decades by the maturation, commoditization, and widespread application of computation in production equipment and logistics, effectively leveling the global technological playing field and putting a premium on low wages and incremental technical improvements.[1] The next generation of technological competition in manufacturing will be dictated by inventions of new materials, chemicals, devices, systems, processes, machines, design and work methods, social structures and business practices."
110,https://www.nsf.gov/pubs/2020/nsf20541/nsf20541.htm,Reproducible Cells and Organoids via Directed-Differentiation Encoding,"The National Science Foundation (NSF) Division of Chemical, Bioengineering, Environmental and Transport Systems (CBET), seeks proposals that elucidate mechanisms of, and develop strategies to, direct the differentiation of undifferentiated cells into mature, functional cells or organoids. Projects responsive to this solicitation must aim to establish a robust and reproducible set of differentiation design rules, predictive models, real-time sensing, control, and quality assurance methods, and integrate them into a workable differentiation strategy. They must develop a fundamental understanding of how cells develop, including mechanisms, molecular machinery, dynamics, and cell-cell interactions, and use this understanding to manipulate cells purposefully. Investigators can choose any undifferentiated cell type, from any animal species, as a starting point and choose any appropriate functional product (cell, organoid, etc.) with real-world relevance. This solicitation parallels NSF’s investment in Understanding the Rules of Life (URoL): Predicting Phenotype, NSF’s Big Idea focused on predicting the set of observable characteristics (phenotype) of an organism based on its genetic makeup and the nature of its environment and applies it to understanding and accomplishing the intentional and guided differentiation of an undifferentiated cell into cells, organoids or tissues with predetermined activities and functions."
263,https://www.nsf.gov/pubs/2020/nsf20517/nsf20517.htm,"Environmental Convergence Opportunities in Chemical, Bioengineering, Environmental, and Transport Systems","Creating solutions to pressing environmental and sustainability challenges will require input and imaginative approaches from various fields, perspectives, and disciplines. The National Academies of Sciences, Engineering and Medicine (NASEM), in their report ""Environmental Engineering for the 21st Century: Addressing Grand Challenges,"" identified five critical challenges we must address as a society:"
155,https://www.nsf.gov/pubs/2020/nsf20510/nsf20510.htm,NSF Engineering - UKRI Engineering and Physical Sciences Research Council Lead Agency Opportunity,"The Directorate for Engineering (ENG), Division of Chemical, Bioengineering, Environmental, and Transport Systems (CBET), the Division of Civil, Mechanical and Manufacturing Innovation (CMMI), and the Division of Electrical, Communications and Cyber Systems (ECCS) of the National Science Foundation and the Engineering, ICT and Manufacturing the Future Themes of the UK Engineering and Physical Sciences Research Council (EPSRC) are pleased to announce the ENG-EPSRC Lead Agency Opportunity. The goal of this opportunity is to reduce some of the barriers that researchers currently encounter when working internationally. The ENG-EPSRC Lead Agency Opportunity will allow US and UK researchers to submit a single collaborative proposal that will undergo a single review process."
397,https://www.nsf.gov/pubs/2020/nsf20503/nsf20503.htm,National Artificial Intelligence (AI) Research Institutes,"Artificial Intelligence (AI) has advanced tremendously and today promises personalized healthcare; enhanced national security; improved transportation; and more effective education, to name just a few benefits. Increased computing power, the availability of large datasets and streaming data, and algorithmic advances in machine learning (ML) have made it possible for AI development to create new sectors of the economy and revitalize industries. Continued advancement, enabled by sustained federal investment and channeled toward issues of national importance, holds the potential for further economic impact and quality-of-life improvements."
100,https://www.nsf.gov/pubs/2020/nsf20501/nsf20501.htm,NSF/CASIS Collaboration on Transport Phenomena Research on the International Space Station (ISS) to Benefit Life on Earth,"The Division of Chemical, Bioengineering and Environmental Transport (CBET) in the Engineering Directorate of the National Science Foundation (NSF) is partnering with The Center for the Advancement of Science in Space (CASIS) to solicit research projects in the general field of fluid dynamics, particulate and multiphase processes, combustion and fire systems, thermal transport processes, and nanoscale interactions that can utilize the International Space Station (ISS) National Lab to conduct research that will benefit life on Earth. Only U.S. entities including academic investigators, non-profit independent research laboratories and academic-commercial teams are eligible to apply."
411,https://www.nsf.gov/pubs/2019/nsf19599/nsf19599.htm,EMERGING FRONTIERS IN RESEARCH AND INNOVATION,"The Emerging Frontiers in Research and Innovation (EFRI) program of the NSF Directorate for Engineering (ENG) serves a critical role in helping ENG focus on important emerging areas in a timely manner. This solicitation is a funding opportunity for interdisciplinary teams of researchers to embark on rapidly advancing frontiers of fundamental engineering research. For this solicitation, we will consider proposals that aim to investigate emerging frontiers in one of the following two research areas:"
22,https://www.nsf.gov/pubs/2019/nsf19577/nsf19577.htm,Division of,"This solicitation applies to nine CHE Disciplinary Chemistry Research Programs: Chemical Catalysis (CAT); Chemical Measurement and Imaging (CMI); Chemical Structure, Dynamics and Mechanisms-A (CSDM-A); Chemical Structure Dynamics and Mechanisms-B (CSDM-B); Chemical Synthesis (SYN); Chemical Theory, Models and Computational Methods (CTMC); Chemistry of Life Processes (CLP); Environmental Chemical Sciences (ECS); and Macromolecular, Supramolecular and Nanochemistry (MSN)."
182,https://www.nsf.gov/pubs/2019/nsf19572/nsf19572.htm,Secure and Trustworthy Cyberspace Frontiers,"In today’s increasingly networked, distributed, and asynchronous world, cybersecurity involves hardware, software, networks, data, people, and integration with the physical world. Society’s overwhelming reliance on this complex cyberspace, however, has exposed its fragility and vulnerabilities that defy existing cyber-defense measures; corporations, agencies, national infrastructure and individuals continue to suffer cyber-attacks. Achieving a truly secure cyberspace requires addressing both challenging scientific and engineering problems involving many components of a system, and vulnerabilities that stem from human behaviors and choices. Examining the fundamentals of security and privacy as a multidisciplinary subject can lead to fundamentally new ways to design, build and operate cyber systems, protect existing infrastructure, and motivate and educate individuals about cybersecurity."
122,https://www.nsf.gov/pubs/2019/nsf19571/nsf19571.htm,NSF Program on Fairness in Artificial Intelligence in Collaboration with Amazon (FAI) (nsf19571) | NSF - National Science Foundation,"NSF has long supported transformative research in artificial intelligence (AI) and machine learning (ML). The resulting innovations offer new levels of economic opportunity and growth, safety and security, and health and wellness. At the same time, broad acceptance of large-scale deployments of AI systems relies critically on their trustworthiness which, in turn, depends upon the collective ability to ensure, assess, and ultimately demonstrate the fairness, transparency, explainability, and accountability of such systems. Importantly, the beneficial effects of AI systems should be broadly available across all segments of society."
342,https://www.nsf.gov/pubs/2019/nsf19536/nsf19536.htm,National Robotics Initiative 2.0: Ubiquitous Collaborative Robots (NRI-2.0) (nsf19536) | NSF - National Science Foundation,"The NRI-2.0 program builds upon the original National Robotics Initiative (NRI) program to support fundamental research in the United States that will accelerate the development and use of collaborative robots (co-robots) that work beside or cooperatively with people. The focus of the NRI-2.0 program is on ubiquity, which in this context means seamless integration of co-robots to assist humans in every aspect of life."
99,https://www.nsf.gov/pubs/2019/nsf19525/nsf19525.htm,NSF/CASIS Collaboration on Transport Phenomena Research on the International Space Station (ISS) to Benefit Life on Earth,"The Division of Chemical, Bioengineering and Environmental Transport (CBET) in the Engineering Directorate of the National Science Foundation (NSF) is partnering with The Center for the Advancement of Science in Space (CASIS) to solicit research projects in the general field of fluid dynamics, particulate and multiphase processes, combustion and fire systems, and thermal transport processes that can utilize the International Space Station (ISS) National Lab to conduct research that will benefit life on Earth. U.S. entities including academic investigators, non-profit independent research laboratories and academic-commercial teams are eligible to apply."
257,https://www.nsf.gov/pubs/2019/nsf19520/nsf19520.htm,"Methodology, Measurement, and Statistics (MMS) (nsf19520) | NSF - National Science Foundation","The Methodology, Measurement, and Statistics (MMS) Program is an interdisciplinary program in the Directorate for Social, Behavioral, and Economic Sciences that supports the development of innovative analytical and statistical methods and models for those sciences. MMS seeks proposals that are methodologically innovative, grounded in theory, and have potential utility for multiple fields within the social, behavioral, and economic sciences. As part of its larger portfolio, the MMS Program partners with a consortium of federal statistical agencies to support research proposals that further the production and use of official statistics."
76,https://www.nsf.gov/pubs/2019/nsf19509/nsf19509.htm,NSF/CASIS Collaboration on Tissue Engineering and Mechanobiology on the International Space Station (ISS) to Benefit Life on Earth (nsf19509) | NSF - National Science Foundation,"The Divisions of Chemical, Bioengineering and Environmental Transport (CBET) and Civil, Mechanical, and Manufacturing Infrastructure (CMMI) in the Engineering Directorate of the National Science Foundation (NSF) are partnering with The Center for the Advancement of Science in Space (CASIS) to solicit research projects in the general fields of tissue engineering and mechanobiology that can utilize the International Space Station (ISS) National Lab to conduct research that will benefit life on Earth. U.S. entities including academic investigators, non-profit independent research laboratories and academic-commercial teams are eligible to apply."
374,https://www.nsf.gov/pubs/2018/nsf18598/nsf18598.htm,Big Data Regional Innovation Hubs,"NSF's Directorate for Computer and Information Science and Engineering (CISE) initiated the National Network of Big Data Regional Innovation Hubs (BD Hubs) program in FY 2015 (NSF 15-562). Four Big Data Hubs (BD Hubs)—Midwest, Northeast, South, and West—were established, one in each of the four Census Regions of the United States [1]. The BD Hubs provide the ability to engage local or regional stakeholders, e.g., city, county, and state governments, local industry and non-profits, and regional academic institutions, in big data research, and permit a focus on regional issues. These collaborative activities and partnerships play a critical role in building and sustaining a successful national big data innovation ecosystem."
203,https://www.nsf.gov/pubs/2018/nsf18585/nsf18585.htm,Division of Molecular and Cellular Biosciences: Investigator-initiated research projects (MCB) (nsf18585) | NSF - National Science Foundation,"The Division of Molecular and Cellular Biosciences (MCB) supports quantitative, mechanistic, predictive, and theory-driven fundamental research designed to promote understanding of complex living systems at the molecular, subcellular, and cellular levels. While recognizing the need for thorough and accurate descriptions of biological complexes and pathways, the priority of the Division is to support work that advances the field by capturing the predictive power of mechanistic, quantitative, and evolutionary approaches."
275,https://www.nsf.gov/pubs/2018/nsf18567/nsf18567.htm,Office of Advanced Cyberinfrastructure (OAC): Research Core Program,"The Office of Advanced Cyberinfrastructure (OAC) supports translational research and education activities in all aspects of advanced cyberinfrastructure (CI) that lead to deployable, scalable, and sustainable systems capable of transforming science and engineering research. Advanced CI includes the spectrum of computational, data, software, networking, and security resources, tools, and services, along with the computational and data skills and expertise, that individually and collectively can transform science and engineering. OAC supports advanced CI research to address new CI frontiers for discovery leading to major innovations, and supports the development and deployment processes, as well as expert services, necessary for realizing the research CI that is critical to the advancement of all areas of science and engineering research and education."
188,https://www.nsf.gov/pubs/2018/nsf18566/nsf18566.htm,Joint DMS/NIGMS Initiative to Support Research at the Interface of the Biological and Mathematical Sciences,"The Division of Mathematical Sciences (DMS) in the Directorate for Mathematical and Physical Sciences (MPS) at the National Science Foundation (NSF) and the National Institute of General Medical Sciences (NIGMS) at the National Institutes of Health (NIH) plan to support fundamental research in mathematics and statistics necessary to answer questions in the biological and biomedical sciences. Both agencies recognize the need to promote research at the interface between mathematical and life sciences. This program is designed to encourage new collaborations, as well as to support innovative activities by existing teams."
153,https://www.nsf.gov/pubs/2018/nsf18564/nsf18564.htm,Division of Physics: Investigator-Initiated Research Projects,The Division of Physics (PHY) supports physics research and the preparation of future scientists in the nation’s colleges and universities across a broad range of physics disciplines that span scales of space and time from the largest to the smallest and the oldest to the youngest.
273,https://www.nsf.gov/pubs/2018/nsf18528/nsf18528.htm,Expeditions in Computing,"The far-reaching impact and rate of innovation in the computer and information science and engineering fields has been remarkable, generating economic prosperity and enhancing the quality of life for people throughout the world."
106,https://www.nsf.gov/pubs/2018/nsf18514/nsf18514.htm,NSF/CASIS Collaboration on Tissue Engineering on the International Space Station to Benefit Life on Earth,"The Division of Chemical, Bioengineering and Environmental Transport (CBET) in the Engineering Directorate of the National Science Foundation (NSF) is partnering with The Center for the Advancement of Science in Space (CASIS) to solicit research projects in the general field of tissue engineering that can utilize the International Space Station (ISS) National Lab to conduct research that will benefit life on Earth. U.S. entities including academic institutions, non-profit independent research labs and academic-commercial teams are eligible to submit proposals."
31,https://www.nsf.gov/pubs/2017/nsf17601/nsf17601.htm,"Spectrum Efficiency, Energy Efficiency, and Security (SpecEES): Enabling Spectrum for All","The National Science Foundation's Directorates for Engineering (ENG) and Computer and Information Science and Engineering (CISE) are coordinating efforts to identify bold new concepts to significantly improve the efficiency of radio spectrum utilization while addressing new challenges in energy efficiency and security, thus enabling spectrum access for all users and devices, and allowing traditionally underserved Americans to benefit from wireless-enabled goods and services. The SpecEES program solicitation (pronounced ""SpecEase"") seeks to fund innovative collaborative research that transcends the traditional boundaries of existing programs."
202,https://www.nsf.gov/pubs/2017/nsf17589/nsf17589.htm,Division of Molecular and Cellular Biosciences: Investigator-Initiated Research Projects,"The Division of Molecular and Cellular Biosciences (MCB) supports quantitative, mechanistic, predictive, and theory-driven fundamental research designed to promote understanding of complex living systems at the molecular, subcellular, and cellular levels. While recognizing the need for thorough and accurate descriptions of biological complexes and pathways, the priority of the Division is to support work that advances the field by capturing the predictive power of mechanistic, quantitative, and evolutionary approaches. MCB is soliciting proposals in four core clusters:"
27,https://www.nsf.gov/pubs/2017/nsf17580/nsf17580.htm,Division of Materials Research: Topical Materials Research Programs,"Research supported by the Division of Materials Research (DMR) focuses on advancing fundamental understanding of materials, materials discovery, design, synthesis, characterization, properties, and materials-related phenomena. DMR awards enable understanding of the electronic, atomic, and molecular structures, mechanisms, and processes that govern nanoscale to macroscale morphology and properties; manipulation and control of these properties; discovery of emerging phenomena of matter and materials; and creation of novel design, synthesis, and processing strategies that lead to new materials with unique characteristics. These discoveries and advancements transcend traditional scientific and engineering disciplines. The Division supports research and education activities in the United States through funding of individual investigators, teams, centers, facilities, and instrumentation. Projects supported by DMR are essential for the development of future technologies and industries that meet societal needs, as well preparation of the next generation of materials researchers."
190,https://www.nsf.gov/pubs/2017/nsf17569/nsf17569.htm,Joint DMS/NIGMS Initiative to Support Research at the Interface of the Biological and Mathematical Sciences,"The Division of Mathematical Sciences (DMS) in the Directorate for Mathematical and Physical Sciences (MPS) at the National Science Foundation (NSF) and the National Institute of General Medical Sciences (NIGMS) at the National Institutes of Health (NIH) plan to support research in mathematics and statistics on questions in the biological and biomedical sciences. Both agencies recognize the need for promoting research at the interface between the mathematical sciences and the life sciences. This program is designed to encourage new collaborations, as well as to support existing ones."
413,https://www.nsf.gov/pubs/2017/nsf17553/nsf17553.htm,Mathematical Sciences Research Institutes (nsf17553) | NSF - National Science Foundation,"Mathematical Sciences Research Institutes are national resources that aim to advance research in the mathematical sciences through programs supporting discovery and dissemination of knowledge in mathematics and statistics and enhancing connections to related fields in which the mathematical sciences can play important roles. Institute activities help focus the attention of some of the best mathematical minds on problems of particular importance and timeliness. Institutes are also community resources that involve a broad segment of U.S.-based mathematical sciences researchers in their activities. The goals of the Mathematical Sciences Research Institutes program include advancing research in the mathematical sciences, increasing the impact of the mathematical sciences in other disciplines, and expanding the talent base engaged in mathematical research in the United States."
301,https://www.nsf.gov/pubs/2017/nsf17541/nsf17541.htm,Robert Noyce Teacher Scholarship Program (nsf17541) | NSF - National Science Foundation,"The National Science Foundation Robert Noyce Teacher Scholarship Program seeks to encourage talented science, technology, engineering, and mathematics (STEM) majors and professionals to become K-12 mathematics and science (including engineering and computer science) teachers. The program invites creative and innovative proposals that address the critical need for recruiting and preparing highly effective elementary and secondary science and mathematics teachers in high-need local educational agencies. The program offers four tracks: Track 1: The Robert Noyce Teacher Scholarships and Stipends Track, Track 2: The NSF Teaching Fellowships Track, Track 3: The NSF Master Teaching Fellowships Track, and Track 4: Noyce Research Track. In addition, Capacity Building proposals are accepted from proposers intending to develop a future Track 1, 2, or 3 proposal."
226,https://www.nsf.gov/pubs/2015/nsf15574/nsf15574.htm,Information and Intelligent Systems (IIS): Core Programs,CISE’s Division of Information and Intelligent Systems (IIS) supports research and education projects that develop new knowledge in three core programs:
87,https://www.nsf.gov/pubs/2015/nsf15559/nsf15559.htm,Geobiology and Low-Temperature Geochemistry,"The Geobiology and Low-Temperature Geochemistry Program focuses on geochemical processes in terrestrial Earth’s surface environmental systems, as well as the interaction of geochemical and biological processes. The program supports field, laboratory, theoretical, and modeling studies of these processes and related mechanisms at all spatial and temporal scales. Studies may address: 1) inorganic and/or organic geochemical processes occurring at or near the Earth’s surface now and in the past, and across the broad spectrum of interfaces ranging in scale from planetary and regional to mineral-surface and supramolecular; 2) the role of life in the transformation and evolution of Earth’s geochemical cycles; 3) surficial chemical and biogeochemical systems and cycles, including their modification through environmental change and human activities; 4) low-temperature aqueous geochemical processes; 5) mineralogy and chemistry of earth materials; 6) geomicrobiology and biomineralization processes; and 7) medical mineralogy and geochemistry."
92,https://www.nsf.gov/pubs/2015/nsf15558/nsf15558.htm,Hydrologic Sciences,"The Hydrologic Sciences Program focuses on the fluxes of water in the environment that constitute the water cycle as well as the mass and energy transport function of the water cycle. The Program supports the study of processes from rainfall to runoff to infiltration and streamflow; evaporation and transpiration; the flow of water in soils and aquifers; and the transport of suspended, dissolved, and colloidal components. The Hydrologic Sciences Program retains a strong focus on linking fluxes of water and the components carried by water across boundaries between various interacting facets of the terrestrial system and the mechanisms by which these fluxes co-organize over a variety of timescales and/or alter fundamentals of water cycle interactions within the terrestrial system. The Program is also interested in how water interacts with the landscape and the ecosystem as well as how the water cycle and its coupled processes are altered by land use and climate. Studies may address physical, chemical, and biological processes that are coupled directly to water transport. Projects submitted to Hydrologic Sciences commonly involve expertise from basic sciences, engineering and mathematics; and proposals may require joint review with related programs. The Hydrologic Sciences Program will also consider synthesis projects."
280,https://www.nsf.gov/pubs/2015/nsf15524/nsf15524.htm,Cyber-Innovation for Sustainability Science and Engineering,"The Cyber-Innovation for Sustainability Science and Engineering (CyberSEES) program aims to advance interdisciplinary research in which the science and engineering of sustainability are enabled by new advances in computing, and in which computational innovation is grounded in the context of sustainability problems."
49,https://www.nsf.gov/pubs/2015/nsf15511/nsf15511.htm,Exploiting Parallelism and Scalability,Computing systems have undergone a fundamental transformation from the single-processor devices of the turn of the century to today's ubiquitous and networked devices and warehouse-scale computing via the cloud. Parallelism is abundant at many levels.
286,https://www.nsf.gov/pubs/2015/nsf15507/nsf15507.htm,Scalable Nanomanufacturing (SNM) (nsf15507),"The National Science Foundation (NSF) announces a fifth year of a program on collaborative research and education in the area of Scalable Nanomanufacturing. This program is in response to and is a component of the National Nanotechnology Initiative Signature Initiative: Sustainable Nanomanufacturing - Creating the Industries of the Future (http://www.nano.gov/node/611). Although many nanofabrication techniques have demonstrated the ability to fabricate small quantities of nanomaterials, nanostructures and nanodevices for characterization and evaluation purposes, the emphasis of the Scalable Nanomanufacturing program is on research to overcome the key scientific and technical barriers that prevent the production of useful nanomaterials, nanostructures, devices and systems at an industrially relevant scale, reliably, and at low cost and within environmental, health and safety guidelines. Competitive proposals will incorporate three elements in their research plans:"
34,https://www.nsf.gov/pubs/2014/nsf14529/nsf14529.htm,Enhancing Access to the Radio Spectrum,"The National Science Foundation's Directorates for Mathematical and Physical Sciences (MPS), Engineering (ENG), and Computer and Information Science and Engineering (CISE) are coordinating efforts to identify bold new concepts with the potential to contribute to significant improvements in the efficiency of radio spectrum utilization, and in the ability for traditionally underserved Americans to benefit from current and future wireless-enabled goods and services. EARS seeks to fund innovative collaborative research that transcends the traditional boundaries of existing programs, such as research that spans disciplines covered by two or more of the participating NSF directorates."
258,https://www.nsf.gov/pubs/2013/nsf13599/nsf13599.htm,Small Business Innovation Research Program Phase I Solicitation FY-2014 (Release 2),"The Small Business Innovation Research (SBIR) Program stimulates technological innovation in the private sector by strengthening the role of small business concerns in meeting Federal research and development needs, increasing the commercial application of federally supported research results, and fostering and encouraging participation by socially and economically disadvantaged and women-owned small businesses."
143,https://www.nsf.gov/pubs/2013/nsf13537/nsf13537.htm,"George E. Brown, Jr. Network for Earthquake Engineering Simulation Operations FY 2015-FY 2019","The George E. Brown, Jr. Network for Earthquake Engineering Simulation (NEES) was established by the National Science Foundation (NSF) as a multi-user, research infrastructure for earthquake engineering research, innovation, and education through a facility construction phase during 2000-2004, followed by operations of the infrastructure to support research and education activities from October 2004 through September 2014."
174,https://www.nsf.gov/pubs/2013/nsf13510/nsf13510.htm,Division of Molecular and Cellular Biosciences: Investigator-initiated research projects,"The Division of Molecular and Cellular Biosciences (MCB) supports quantitative, predictive, and theory-driven fundamental research and related activities designed to promote understanding of complex living systems at the molecular, subcellular, and cellular levels. MCB is soliciting proposals for hypothesis-driven and discovery research and related activities in four core clusters:"
193,https://www.nsf.gov/pubs/2013/nsf13500/nsf13500.htm,Cyber-Enabled Sustainability Science and Engineering,"The Cyber-Enabled Sustainability Science and Engineering (CyberSEES) program aims to advance interdisciplinary research in which the science and engineering of sustainability are enabled by new advances in computing, and where computational innovation is grounded in the context of sustainability problems."
164,https://www.nsf.gov/pubs/2012/nsf12614/nsf12614.htm,Interdisciplinary Behavioral and Social Science Research (IBSS)(nsf12614),The Interdisciplinary Behavioral and Social Science Research (IBSS) competition promotes the conduct of interdisciplinary research by teams of investigators in the social and behavioral sciences.
415,https://www.nsf.gov/pubs/2012/nsf12610/nsf12610.htm,Interdisciplinary Research in Hazards and Disasters,"The overarching goal of Hazards SEES is to catalyze well-integrated interdisciplinary research efforts in hazards-related science and engineering in order to improve the understanding of natural hazards and technological hazards linked to natural phenomena, mitigate their effects, and to better prepare for, respond to, and recover from disasters. The goal is to effectively prevent hazards from becoming disasters. Hazards SEES aims to make investments in strongly interdisciplinary research that will reduce the impact of such hazards, enhance the safety of society, and contribute to sustainability. The Hazards SEES program is a multi-directorate program that seeks to: (1) advance understanding of the fundamental processes associated with specific natural hazards and technological hazards linked to natural phenomena, and their interactions; (2) better understand the causes, interdependences, impacts and cumulative effects of these hazards on individuals, the natural and built environment, and society as a whole; and (3) improve capabilities for forecasting or predicting hazards, mitigating their effects, and enhancing the capacity to respond to and recover from resultant disasters."
64,https://www.nsf.gov/pubs/2012/nsf12598/nsf12598.htm,Geophysics,"The Geophysics Program supports basic research in the physics of the solid earth to explore its composition, structure, and processes from the Earth's surface to its' deepest interior. Laboratory, field, theoretical, and computational studies are supported. Topics include seismicity, seismic wave propagation, and the nature and occurrence of geophysical hazards; the Earth's magnetic, gravity, and electrical fields; the Earth's thermal structure; and geodynamics. Supported research also includes geophysical studies of active deformation, including geodesy, and theoretical and experimental studies of the properties and behavior of Earth materials."
201,https://www.nsf.gov/pubs/2012/nsf12549/nsf12549.htm,Computational and Data-Enabled Science and Engineering (CDS&E) in Engineering,"Computational and Data-Enabled Science and Engineering (CDS&E) is a NSF-wide cross-disciplinary activity that coordinates relevant disciplinary and interdisciplinary programs at the intersection of mathematics and statistics, computer and computational science, and the core science and engineering disciplines. It is dedicated to the development and use of advanced computational methods, information processing, data mining and analysis, and advanced cyberinfrastructure to enable and execute transformative scientific discovery and engineering innovation, and to the education of experts and non-experts in computation, including workforce development and training."
297,https://www.nsf.gov/pubs/2012/nsf12545/nsf12545.htm,Research on the Science and Technology Enterprise: Statistics and Surveys,The National Center for Science and Engineering Statistics (NCSES) of the National Science Foundation (NSF) is one of the thirteen principal federal statistical agencies within the United States.
367,https://www.nsf.gov/pubs/2011/nsf11576/nsf11576.htm,Broadening Participation Research Initiation Grants in Engineering 2012,A new solicitation for the BRIGE program is in preparation for a Fiscal Year 13 competition.
101,https://www.nsf.gov/pubs/2011/nsf11530/nsf11530.htm,Domestic Nuclear Detection Office-National Science Foundation Academic Research Initiative (ARI) (nsf11530),The ARI is a joint Domestic Nuclear Detection Office (DNDO) and National Science
145,https://www.nsf.gov/pubs/2011/nsf11523/nsf11523.htm,Advancing Theory in Biology,"The Biological Sciences Directorate invites submission of proposals that advance our conceptual and theoretical understanding of living systems. The Advancing Theory in Biology (ATB) solicitation supports the development of new theoretical approaches that will improve our understanding of general biological principles that account for phenomena that occur independently across levels of biological organization. Awards will not exceed a total of $750,000 over a three year period. This total includes all participants in collaborative projects."
138,https://www.nsf.gov/pubs/2011/nsf11512/nsf11512.htm,"George E. Brown, Jr. Network for Earthquake Engineering Simulation Research (NEESR) (nsf11512)","The Division of Civil, Mechanical and Manufacturing Innovation (CMMI)"
68,https://www.nsf.gov/pubs/2010/nsf10612/nsf10612.htm,Dynamics of Coupled Natural and Human Systems (CNH) (nsf10612),The Dynamics of Coupled Natural and Human Systems (CNH) Program promotes interdisciplinary analyses of relevant human and natural system processes and complex interactions among human and natural systems at diverse scales.
362,https://www.nsf.gov/pubs/2010/nsf10591/nsf10591.htm,East Asia and Pacific Summer Institutes for U.S. Graduate Students,The East Asia and Pacific Summer Institutes (EAPSI) provide U.S. graduate students in science and engineering:
186,https://www.nsf.gov/pubs/2010/nsf10579/nsf10579.htm,Joint DMS/NIGMS Initiative to Support Research at the Interface of the Biological and Mathematical Sciences,"The Division of Mathematical Sciences in the Directorate for Mathematical and Physical Sciences at the National Science Foundation and the National Institute of General Medical Sciences at the National Institutes of Health plan to support research in mathematics and statistics on questions in the biological and biomedical sciences. Both agencies recognize the need and urgency for promoting research at the interface between the mathematical sciences and the life sciences. This competition is designed to encourage new collaborations, as well as to support existing ones."
320,https://www.nsf.gov/pubs/2010/nsf10563/nsf10563.htm,Instrument Development for Biological Research,"The Instrument Development for Biological Research (IDBR) Program supports the development of instrumentation that addresses demonstrated needs in biological research, in areas supported by NSF Biology programs (see https://www.nsf.gov/bio). The program accepts two types of proposals:"
302,https://www.nsf.gov/pubs/2009/nsf09607/nsf09607.htm,Science Master's Program,"The Science Master's Program prepares graduate students for careers in business, industry, nonprofit organizations, and government agencies by providing them not only with a strong foundation in science, technology, engineering and mathematics (STEM) disciplines, but also with research experiences, internship experiences, and the skills to succeed in those careers.  The program is intended to catalyze the creation of institution-based efforts that can be sustained without additional federal funding.  This program is also intended to encourage diversity in student participation so as to contribute to a broadly inclusive, well-trained science and engineering workforce."
335,https://www.nsf.gov/pubs/2009/nsf09604/nsf09604.htm,CHE-DMR-DMS Solar Energy Initiative,"The purpose of the CHE-DMR-DMS Solar Energy Initiative is to support interdisciplinary efforts by groups of researchers to address the scientific challenges of highly efficient harvesting, conversion, and storage of solar energy.  Groups must include three or more co-Principal Investigators of whom one must be a researcher in chemistry, a second in materials, and a third in mathematical sciences  in areas supported by the Divisions of Chemistry, Materials Research, and Mathematical Sciences, respectively.  The intent is to encourage new collaborations in which the mathematical sciences are linked in a synergistic way with the chemical and materials sciences to develop novel, potentially transformative approaches in an area of much activity but largely incremental advances.  Successful proposals will offer potentially transformative projects, new concepts, and interdisciplinary education through research involvement based on the integrated expertise and synergy from the three disciplinary communities."
237,https://www.nsf.gov/pubs/2009/nsf09552/nsf09552.htm,Geobiology and Low-Temperature Geochemistry,"The Geobiology and Low-Temperature Geochemistry Program supports research on 1) the interactions between biological and geological systems at all scales of space and time; 2) geomicrobiology and biomineralization processes; 3) the role of life in the transformation and evolution of the Earth's geochemical cycles; 4) inorganic and organic geochemical processes occurring at or near the Earth's surface now and in the past, and at the broad spectrum of interfaces ranging in scale from planetary and regional to mineral-surface and supramolecular; 5) mineralogy and chemistry of soils and sediments; 6) surficial chemical and biogeochemical systems and cycles and their modification through natural and anthropogenic change; and 7) development of tools, methods, and models for low-temperature geochemistry and geobiological research - such as those emerging from molecular biology - in the study of the terrestrial environment."
235,https://www.nsf.gov/pubs/2009/nsf09539/nsf09539.htm,Geophysics,"The Geophysics Program supports basic research in the physics of the solid earth to explore its composition, structure, and processes. Laboratory, field, theoretical, and computational studies are supported. Topics include seismicity, seismic wave propagation, and the nature and occurrence of earthquakes; the earth's magnetic, gravity, and electrical fields; the earth's thermal structure; and geodynamics. Supported research also includes geophysical studies of active deformation, including geodesy, and studies of the properties and behavior of earth materials in support of geophysical observation and theory."
91,https://www.nsf.gov/pubs/2009/nsf09538/nsf09538.htm,Hydrologic Sciences (nsf09538),"Hydrologic Sciences focuses on the flow of water and transport processes within streams, soils, and"
247,https://www.nsf.gov/pubs/2008/nsf08610/nsf08610.htm,"Innovations in Engineering Education, Curriculum, and Infrastructure","The Innovations in Engineering Education, Curriculum, and Infrastructure (IEECI) program supports research which addresses four aspects of engineering education: (1) how students best learn the ideas, principles, and practices to become creative and innovative engineers, and how this learning is measured (2) how application of cyberlearning resources of networked computing and communication, interactive visualization capabilities, and well designed user interfaces can be used to develop easily transportable tools and systems with low barriers to adoption which significantly improve learning, (3) integration of sustainability into engineering education, and (4) future directions of U.S. engineering doctoral programs."
43,https://www.nsf.gov/pubs/2008/nsf08593/nsf08593.htm,Graduate Research Fellowship Program,"The National Science Foundation aims to ensure the vitality of the human resource base of science, technology, engineering, and mathematics in the United States and to reinforce its diversity by offering approximately 900-1,600 graduate fellowships in this competition pending availability of funds. The Graduate Research Fellowship provides three years of support for graduate study leading to research-based master’s or doctoral degrees and is intended for students who are in the early stages of their graduate study. The Graduate Research Fellowship Program (GRFP) invests in graduate education for a cadre of diverse individuals who demonstrate their potential to successfully complete graduate degree programs in disciplines relevant to the mission of the National Science Foundation."
290,https://www.nsf.gov/pubs/2008/nsf08553/nsf08553.htm,"Science, Technology, and Society (STS) (nsf08553)","STS considers proposals that examine historical, philosophical, and sociological questions that"
242,https://www.nsf.gov/pubs/2008/nsf08538/nsf08538.htm,Computer Systems Research,"Computer systems are being applied to increasingly demanding applications. The environments in which they function and the resources they manage are increasingly diverse, distributed and dynamic. While the time scales for control decisions are shrinking, the scale and complexity of the systems are increasing.  Further, many of the assumptions behind today’s most common computer systems no longer hold. As a result, these systems often fail in unpredictable ways, become compromised or perform poorly.  Accordingly, the frontiers of computer systems research must be moved forward, and new bold research directions must be established to draw upon interdisciplinary research capabilities across science and engineering."
409,https://www.nsf.gov/pubs/2007/nsf07592/nsf07592.htm,Expeditions in Computing,"The far-reaching impact and rate of innovation in the computing and information disciplines has been remarkable, generating economic prosperity and enhancing the quality of life for people throughout the world.  But the best is yet to come!"
86,https://www.nsf.gov/pubs/2007/nsf07590/nsf07590.htm,Center for the Environmental Implications of Nanotechnology,"This solicitation requests proposals to create a national Center to conduct fundamental research and education on the implications of nanotechnology for the environment and living systems at all scales. The Center will address interactions of naturally derived, incidental and engineered nanoparticles and nanostructured materials, devices and systems (herein called “nanomaterials”) with the living world. Essential elements of this Center will include understanding the interactions of nanomaterials with organisms, cellular constituents, metabolic networks and living tissues; understanding environmental exposure and bioaccumulation and their effects on living systems; and determining the biological impacts of nanomaterials dispersed in the environment. Additional elements of the Center may include the development of methods and instrumentation for the detection and characterization of nanomaterials. For the purpose of this solicitation, nanomaterials have at least one dimension with a length of approximately 1 to 100 nm."
434,https://www.nsf.gov/pubs/2007/nsf07579/nsf07579.htm,Emerging Frontiers in Research and Innovation 2008,"The Directorate for Engineering at the National Science Foundation has established the Office of Emerging Frontiers in Research and Innovation (EFRI) to serve a critical role in focusing on important emerging areas in a timely manner. The EFRI Office is launching a new funding opportunity for interdisciplinary teams of researchers to embark on rapidly advancing frontiers of fundamental engineering research. For this solicitation, we will consider proposals that aim to investigate emerging frontiers in the following two specific research areas: (1) Cognitive Optimization and Prediction: From Neural Systems to Neurotechnology (COPN), and (2) Resilient and Sustainable Infrastructures (RESIN).  EFRI seeks proposals with transformative ideas that represent an opportunity for a significant shift in fundamental engineering knowledge with a strong potential for long term impact on national needs or a grand challenge. The proposals must also meet the detailed requirements delineated in this solicitation."
146,https://www.nsf.gov/pubs/2007/nsf07556/nsf07556.htm,Advancing Theory in Biology,"The Biological Sciences Directorate invites submission of proposals that advance our conceptual and theoretical understanding of the dynamics of living systems. The emergence of complex biological phenomena from dynamic interactions among less complex elements is a central theme in modern biology, and it permeates inquiries at all levels of biological organization from macromolecules to ecosystems. Such interactions are typically non-linear, distributed, and often span many levels of biological organization. These properties limit the understanding that can be gained by traditional experimental analyses.  The program is designed to develop new conceptualizations and theoretical approaches to identify fundamental principles that traverse levels of biological complexity.  Proposals may vary in size (up to $250,000 per year) and duration (up to three years), in the number of investigators involved, and in the nature of collaborations."
332,https://www.nsf.gov/pubs/2007/nsf07543/nsf07543.htm,"Course, Curriculum, and Laboratory Improvement","The Course, Curriculum, and Laboratory Improvement (CCLI) program seeks to improve the quality of science, technology, engineering, and mathematics (STEM) education for all undergraduate students. The program supports efforts to create new learning materials and teaching strategies, develop faculty expertise, implement educational innovations, assess learning and evaluate innovations, and conduct research on STEM teaching and learning. The program supports three types of projects representing three different phases of development, ranging from small, exploratory investigations to large, comprehensive projects."
38,https://www.nsf.gov/pubs/2007/nsf07534/nsf07534.htm,Mathematical Sciences: Innovations at the Interface with Computer Sciences (MSPA-MCS),This solicitation describes the opportunities available for support through the Foundation’s Mathematical Sciences Priority Area in the following category:
305,https://www.nsf.gov/pubs/2007/nsf07529/nsf07529.htm,Robert Noyce Scholarship Program,"The Robert Noyce Scholarship program seeks to encourage talented science, technology, engineering, and mathematics majors and professionals to become K-12 mathematics and science teachers. The program provides funds to institutions of higher education to support scholarships, stipends, and programs for students who commit to teaching in high-need K-12 school districts."
312,https://www.nsf.gov/pubs/2007/nsf07517/nsf07517.htm,Cooperative Activities in Chemistry between U.S. and German Investigators,"The National Science Foundation (NSF) and the Deutsche Forschungsgemeinschaft (DFG; German Research Foundation), which are counterpart national funding organizations in the U.S. and Germany, respectively, seek to enhance opportunities for collaborative activities in chemistry between U.S. and German investigators. The NSF and DFG will accept collaborative research proposals that establish new cooperation between principal investigators from the U.S. and Germany. Projects must have clear relevance to areas supported by both NSF's Division of Chemistry and DFG's Division of Chemistry and Process Engineering. There are no new funds available for support of these projects. They will compete with unsolicited proposals received by the NSF and DFG Divisions of Chemistry. The NSF and DFG will utilize a common set of reviewers and make joint funding decisions. The use of cyberinfrastructure to facilitate data sharing and communication, and exchange of students and junior investigators are strongly encouraged."
139,https://www.nsf.gov/pubs/2007/nsf07506/nsf07506.htm,"George E. Brown, Jr. Network for Earthquake Engineering Simulation Research","The Division of Civil, Mechanical, and Manufacturing Innovation (CMMI)"
51,https://www.nsf.gov/pubs/2007/nsf07504/nsf07504.htm,Computer Systems Research,"Computer systems are ubiquitous, and society is increasingly dependent on them. They range from microprocessors embedded in automobiles and appliances, to worldwide grids of advanced processors, storage, graphics devices, and instruments interconnected by high-speed networks. Computer systems include large amounts of systems software.  Systems software has two main roles: to provide abstractions and services that facilitate the implementation and execution of application programs; and, to orchestrate effective use of the underlying hardware resources through these abstractions and services.  Computer systems are being applied to increasingly demanding applications. The environments in which they function and the resource configurations to be orchestrated are becoming more diverse, distributed and dynamic. While the time scales for control decisions are shrinking, the scale and complexity of the systems are increasing.  The assumptions underlying current system software no longer hold in many cases. Moreover, current computer systems often fail, become compromised or perform poorly because of failures of system software. Responding to these challenges requires new directions in computer systems research."
159,https://www.nsf.gov/pubs/2006/nsf06588/nsf06588.htm,Critical Zone Observatories (CZO) (nsf06588),This solicitation calls for proposals to develop Critical Zone Observatories that
79,https://www.nsf.gov/pubs/2006/nsf06587/nsf06587.htm,Dynamics of Coupled Natural and Human Systems,"The Dynamics of Coupled Natural and Human Systems competition promotes quantitative, interdisciplinary analyses of relevant human and natural system processes and complex interactions among human and natural systems at diverse scales."
89,https://www.nsf.gov/pubs/2006/nsf06545/nsf06545.htm,Hydrologic Sciences,"Hydrologic Sciences focuses on the flow of water and transport processes within streams, soils, and aquifers. Particular attention is given to spatial and temporal heterogeneity of fluxes and storages of water and chemicals over a wide range of scales, to geolimnology and to interfaces with the landscape, microbial communities, and coastal areas. Studies may also deal with processes in aqueous geochemistry and with the physical, chemical, and biological processes within water bodies. Study of these processes requires expertise from many basic sciences and mathematics, and proposals often require joint review with related programs."
386,https://www.nsf.gov/pubs/2006/nsf06544/nsf06544.htm,Tectonics,"The Tectonics Program supports a broad range of field, laboratory, computational, and theoretical investigations aimed at understanding the evolution and deformation of continental lithosphere through time. Proposals to elucidate the processes that act on the lithosphere at various time-scales and length-scales, either at depth or the surface, are encouraged. Because understanding such large-scale phenomena commonly requires a variety of expertise and methods, the Tectonics Program supports integrated research involving the disciplines of structural geology, petrology, geochronology, sedimentology, stratigraphy, geomorphology, rock mechanics, paleomagnetics, geodesy, and other geophysical techniques."
333,https://www.nsf.gov/pubs/2006/nsf06536/nsf06536.htm,"Course, Curriculum, and Laboratory Improvement (CCLI)","The Course, Curriculum, and Laboratory Improvement (CCLI) program seeks to improve the quality of science, technology, engineering, and mathematics (STEM) education for all undergraduate students. The program supports efforts to create new learning materials and teaching strategies, develop faculty expertise, implement educational innovations, assess learning and evaluate innovations, and conduct research on STEM teaching and learning. The program supports three types of projects representing three different phases of development, ranging from small, exploratory investigations to large, comprehensive projects."
317,https://www.nsf.gov/pubs/2006/nsf06524/nsf06524.htm,Ethics Education in Science and Engineering (EESE),"The Ethics Education in Science and Engineering (EESE) program considers proposals for research and educational projects to improve ethics education in all of the fields of science and engineering that NSF supports. For this year, proposals must focus on improving ethics education for graduate students in those fields, and on ethical issues that arise in research or graduate research education in those fields, particularly in interdisciplinary or inter-institutional contexts."
48,https://www.nsf.gov/pubs/2005/nsf05629/nsf05629.htm,Computer Systems Research (CSR),"Computer systems are ubiquitous, and society is increasingly dependent on them. They range from microprocessors embedded in automobiles and appliances to worldwide grids of advanced processors, storage, graphics devices, and instruments interconnected by high-speed networks. They are controlled by systems software, which has two main roles: manage the underlying hardware resources, and provide abstractions and services that facilitate the implementation and execution of application programs. However, too often, computer systems fail, become compromised, or perform poorly. Moreover, they have become increasingly large and complex, thereby compounding problems. Addressing these challenges requires major advances in systems software."
126,https://www.nsf.gov/pubs/2005/nsf05628/nsf05628.htm,Innovation and Organizational Change (IOC),"The Innovation and Organizational Change (IOC) program supports scientific research directed at advancing understanding of how individuals, groups and/or institutional arrangements contribute to functioning, effectiveness and innovation in organizations. Research may involve industrial, educational, service, government, nonprofit and/or voluntary organizations or interorganizational arrangements. IOC-funded research must be relevant to an operational or applied context, grounded in theory and generalizable."
42,https://www.nsf.gov/pubs/2005/nsf05617/nsf05617.htm,East Asia and Pacific Summer Institutes for U.S. Graduate Students (EAPSI),"The East Asia and Pacific Summer Institutes (EAPSI) provide U.S. graduate students in science and engineering 1) first-hand research experience in Australia, China, Japan, Korea, or Taiwan; 2) an introduction to the science and science policy infrastructure of the respective location; and 3) orientation to the society, culture and language. The primary goals of EAPSI are to introduce students to East Asia and Pacific science and engineering in the context of a research laboratory, and to initiate personal relationships that will better enable them to collaborate with foreign counterparts in the future. The institutes last approximately eight weeks from June to August. The National Institutes of Health (NIH) co-sponsor the Summer Institute in Japan."
71,https://www.nsf.gov/pubs/2005/nsf05616/nsf05616.htm,This document has been archived.,"This is a continuation of a collaborative research program between the National Science Foundation (NSF) and Sandia National Laboratories (Sandia) that was started in 1997. The objective of this collaborative program is to fund research projects focused on science-based experimental, computational and theoretical capabilities that enhance our understanding and confidence of the behavior of engineered systems at unprecedented multiple spatial and temporal scales."
412,https://www.nsf.gov/pubs/2005/nsf05607/nsf05607.htm,Doctoral Dissertation Improvement Grants in the Directorate for Biological Sciences (DDIG),"The National Science Foundation awards Doctoral Dissertation Improvement Grants in selected areas of the biological sciences. These grants provide partial support of doctoral dissertation research to improve the overall quality of research. Allowed are costs for doctoral candidates to conduct research in specialized facilities or field settings away from the home campus, to participate in scientific meetings, and to provide opportunities for greater diversity in collecting and creativity in analyzing data than would otherwise be possible using only locally available resources."
266,https://www.nsf.gov/pubs/2005/nsf05547/nsf05547.htm,Partnership for Advancing Technologies in Housing (PATH),The Directorate for Engineering of the National Science Foundation (NSF)
422,https://www.nsf.gov/pubs/2005/nsf05536/nsf05536.htm,Instrument Development for Biological Research (IDBR) nsf05536,The Instrument Development for Biological Research (IDBR) Program
318,https://www.nsf.gov/pubs/2005/nsf05532/nsf05532.htm,Ethics Education in Science and Engineering (EESE),The Ethics Education in Science and Engineering (EESE) program considers
128,https://www.nsf.gov/pubs/2005/nsf05504/nsf05504.htm,University-Industry Cooperative Research Programs in the Mathematical Sciences (UICRP),"Technical innovations flourish through a symbiotic relationship between academia and industry. The mathematical sciences provide the foundation for the scientific progress that generates technical innovations. It is in the national interest to provide more opportunities for mathematical scientists to have the experience of conducting research in an industrial environment and for industrial scientists to return periodically to academia, to acquire new knowledge, and to move it efficiently into technology. The Division of Mathematical Sciences (DMS) supports this relationship through the university-industry postdoctoral research fellowships, university-industry senior research fellowships, industry-based graduate research assistantships, and industry-based graduate cooperative fellowships described in this solicitation."
390,https://www.nsf.gov/pubs/2004/nsf04536/nsf04536.htm,Cross-disciplinary Research at Undergraduate Institutions nsf04536,The goal of the Cross-disciplinary Research
94,https://www.nsf.gov/pubs/2004/nsf04535/nsf04535.htm,Research in Biogeosciences 2004,The topic of this program solicitation is microbial processes
26,https://www.nsf.gov/pubs/2004/nsf04534/nsf04534.htm,Chemistry Research Instrumentation and Facilities: Instrument Development,The Chemistry Research Instrumentation and Facilities Program (CRIF) is structured to enable the National Science Foundation's Division of Chemistry to respond to a variety of needs for infrastructure--instrumentation and facilities--that promotes basic research and education in areas traditionally supported by the Division.
167,https://www.nsf.gov/pubs/2004/nsf04531/nsf04531.htm,"NSF 04-531, NSF Funding Opportunity Document: Science and Technology Studies","The STS Program supports research and related activities that contribute to systematic understanding of the character and development of science and technology, including their cultural, intellectual, material, and social dimensions. The program supports research on the nature and development of technology and science, both in the past and present; on differences in the nature of theory and evidence in various fields of science and engineering; and on the interactions among science, technology and society. Proposals are welcomed from various disciplinary perspectives, including history of science, history of technology, philosophy of science, and various social sciences, including sociology, anthropology, and political science."
207,https://www.nsf.gov/pubs/2004/nsf04524/nsf04524.htm,Cyber Trust nsf04524,Networked computers reside at the heart of systems on which people now
236,https://www.nsf.gov/pubs/2004/nsf04512/nsf04512.htm,Continental Dynamics (CD) (nsf04512),The Division of Earth Sciences (EAR) will consider proposals for multidisciplinary
244,https://www.nsf.gov/pubs/2004/nsf04012/nsf04012.htm,Information Technology Research for National Priorities,"In FY 2004, the Information Technology Research"
62,https://www.nsf.gov/pubs/2003/nsf03613/nsf03613.htm,Human Language and Communication,The Human Language and Communication (HLC) program focuses
5,https://www.nsf.gov/pubs/2003/nsf03600/nsf03600.htm,Artificial Intelligence & Cognitive Science,The Artificial Intelligence and Cognitive Science
232,https://www.nsf.gov/pubs/2003/nsf03597/nsf03597.htm,Biocomplexity in the Environment (BE): Integrated Research and Education in Environmental Systems,This competition continues the Foundation's support
350,https://www.nsf.gov/pubs/2003/nsf03573/nsf03573.htm,NSF Funding Opportunity Document: Science of Learning Centers,"The Science of Learning Centers program (SLC) offers awards for large-scale, long-term Centers that will extend the frontiers of knowledge on learning and create the intellectual, organizational, and physical infrastructure needed for the long-term advancement of learning research.Centers will be built around a unifying research focus and will incorporate a diverse, multidisciplinary environment involving appropriate partnerships with academia, industry, all levels of education, and other public and private entities.Catalyst awards will also be made during the initial years of the program. Catalyst awards are designed to enable partnership-building and research activities leading to the creation of new Centers.NSF plans to convene one or more workshops during the Spring of 2003 to educate potential applicants and to answer questions about the SLC Program. Details will be posted on the NSF website (http://www.nsf.gov/slc/) as they are known."
239,https://www.nsf.gov/pubs/2003/nsf03567/nsf03567.htm,NSF Funding Opportunity Document: EarthScope,"EarthScope is an Earth science program to explore the 4-dimensional structure of the North American continent. The EarthScope Program provides a framework for broad, integrated studies across the Earth sciences, including research on fault properties and the earthquake process, strain transfer, magmatic and hydrous fluids in the crust and mantle, plate boundary processes, large-scale continental deformation, continental structure and evolution, and composition and structure of the deep-Earth. In addition, EarthScope offers a centralized forum for Earth science education at all levels and an excellent opportunity to develop cyberinfrastructure to integrate, distribute, and analyze diverse data sets."
368,https://www.nsf.gov/pubs/2003/nsf03562/nsf03562.htm,NSF Funding Opportunity Document: Grants for the Department-Level Reform of Undergraduate Engineering Education,"The Grants for the Department-Level Reform of Undergraduate Engineering Education solicitation provides an opportunity for institutions to compete for planning and implementation grants to assist departmental and larger units in:Developing comprehensive plans to reformulate, streamline and update engineering and engineering technology degree programs,                Developing new curricula for emerging engineering disciplines, and                Meeting the emerging workforce and educational needs of U.S. industry. This solicitation is a collaborative effort between the Directorate for Engineering (ENG) and the Directorate for Education and Human Resources (EHR)."
149,https://www.nsf.gov/pubs/2003/nsf03519/nsf03519.html,NSF Funding Opportunity Document: National Nanotechnology Infrastructure Network (NNIN),"The National Science Foundation announces an open competition to establish a National Nanotechnology Infrastructure Network (NNIN) as an integrated national network of user facilities that will support the future infrastructure needs for research and education in the burgeoning nanoscale science and engineering field. The facilities comprising this network will be diverse both in capabilities and research areas served as well as in geographic locations, and the network will have the flexibility to grow or reconfigure as needs arise. The NNIN will broadly support nanotechnology activities outlined in the National Nanotechnology Initiative investment strategy. It will provide users across the nation access to leading-edge fabrication and characterization tools and instruments in support of nanoscale science and engineering research, develop and maintain advanced research infrastructure, contribute to the education and training of a new workforce skilled in nanotechnology and the latest laboratory techniques, conduct outreach to the science and engineering communities, and explore the social and ethical implications of nanotechnology."
