hyperlink,skills
v0_001_2nd_call_for_proposal_for_dst_sti_policy_fellowship_programme,"decade, pace"
v0_002_dst_daad_germany_joint_call_for_proposal_2017,general
v0_003_call_for_applications_under_the_second_phase_of_the_national_geospatial_chair_professor_scheme,"building, capacity building, chair, decade, demand"
v0_004_advertisement_for_submission_of_research_proposal_under_cognitive_science_research_initiative,"artificial intelligence, computer, design, modeling, software"
v0_005_invites_science_and_technology_project_proposals___ministry_of_mines,"aspect, efficiency, input, land, material, sea, waste"
v0_006_call_for_proposals_under_india_republic_of_korea_joint_programme_of_cooperation,engineering
v0_007_india___korea_joint_network_centre___call_for_proposals___last_date___august_16_2017,"engineering, material"
v0_008_bhaskara_advanced_solar_energy_base_fellowship__2017,general
v0_009_building_energy_efficiency_higher_and_advanced_network_bhavan_fellowships__2017,"building, efficiency"
v0_010_dst___rcn_norway_joint_call_on_ict_2017,environment
v0_011_call___india_japan_cooperative_science_programme_ijcsp,"engineering, fundamental, global warming, material, polymer, synthesis"
v0_012_national_award_for_women_development_through_application_of_science__technology,"design, woman"
v0_013_national_awards_for_science__technology_communication_2017,general
v0_014_dst___ukieri_call_for_research_proposals_2017__18,advance
v0_015_request_for_proposals_india_italy_industrial_rd,general
v0_016_call_for_proposals_2017___indo_hungarian_joint_research,"instrument, recommendation"
v0_017_indo_norway_joint_call_on_bio_economy,land
v0_018_joint_call_between_india_and_austria_for_exchange_visits,family
v0_019_dst_dfg_awards_for_participation_in_the_68th_meeting_of_nobel_laureates__students_lindau_germany,aspect
v0_020_advertisement_for_call_for_proposal_for_dst_nrdms_summerwinter_schools_in_geospatial_st___2017___2019,"building, capacity building, decade, efficiency"
v0_021_call_for_proposals_in_basic_sciences_with_russia_russian_foundation_for_basic_research,"computer, engineering, fundamental"
v0_022_funding_opportunity_announcement_foa_smart_grids,"biomass, building, city, demand, design, immense, large amount, limitation, use"
v0_023_multi_institutional_centres_on_materials_for_energy_conservation_and_storage_platform_mecsp___2017,"efficiency, material, ultimate, use"
v0_024_interdisciplinary_cyber_physical_systems_icps_division_detailed_call_for_proposals_cfp_on_quantum_information_science_and_technology_qust_programme,"century, computer, magnetic resonance, theory"
v0_025_dst_daad_joint_call_2017_recommended_projects,"architecture, civil engineering, engineering, lab, rural"
v0_026_3rd_information__networking_event_eu_india_call_on_water,"building, event, lab, target"
v0_027_4th_information__networking_event_eu_india_call_on_water,"building, event, lab, target"
v0_028_funding_opportunity_announcement_foa_off_grid_access_to_electricity,"alternative, cost effectiveness, model"
v0_029_date_extended_upto_18th_january_2018_for_2017_brics_call_for_proposals_for_brics_multilateral_rd_projects,"disaster, efficiency, material"
v0_030_call_for_concept_note_in_waste_management_technologies,"agricultural, alternative, design, material, rural, urban, waste"
v0_031_2018_commonwealth_scholarship_in_the_united_kingdom,"master, mhrd, site"
v0_032_indo_german_science__technology_centre_igstc_announces_call_for_grant_applications_for_indo_german_r__d_partnership_on_research_projects_with_industrial_relevance,"building, design, low cost, material"
v0_033_call_for_proposals___2018_under_india___iran_bilateral_st_cooperation,general
v0_034_call_for_proposal_for_device_development_programme___2017,"disaster, disaster management, instrument, low cost"
v0_035_call_for_proposal___science__heritage_research_initiativeshri,"computer, decade, investigation, material, significance"
v0_036_indo___norway_joint_energy_call_2017,general
v0_037_eu_india_water_cooperation_on_research_and_innovation_joint_call_for_proposals___2017__2018,"rural, urban, waste"
v0_038_scheme_for_young_scientists_and_technologists,general
v0_039_invites_rd_project_proposals_on_spatial_data_infrastructures_sdi_for_urban_governance_applications,"city, smart city, urban"
v0_040_advertisement_for_the_swarnajayanti_fellowships_scheme_2017_18,engineering
v0_041_announcement_for_inviting_applications_for_participation_in_3rd_brics_young_scientist_conclave_durban_south_africa25_29_june_2018,"attention, declaration, edition, grow"
v0_042_ministry_of_mines___invites_science_and_technology_project_proposals,general
v0_043_call_for_oriented_researchtechnology_development_proposals_on_materials_for_energy_storage_mes___2018,"advance, alternative, design, material"
v0_044_call_for_proposals_for_establishing_technology_enabling_centres_tec_in_university_system,general
v0_045_call_for_proposals_under_state_science_and_technology_sstp__2018_19___call_date_18042018_to_31052018,"demand, lab, model, pilot scale, survey"
v0_046_call_for_proposals_for_biomedical_device_and_technology_development_bdtd_tdt_division,"concern, design, facility, pilot scale"
v0_047_indo_canada_joint_call_for_proposals_improving_occupant_survivability_in_buildings_during_fires_using_innovations_in_structural_engineering_materials_science_and_cyber_physical_interfaces,"building, design, engineering, environment, event, material, pace, population, rapid urbanization, structural engineering, urbanization"
v0_048_call_for_oriented_research__technology_development_proposals_on_hydrogen_and_fuel_cell_hfc___2018,"advance, design, efficiency, environment, synthesis"
v0_049_initiative_in_coordinated_programme_for_arid_semi_arid_and_cold_desert_regionsasacoder,general
v0_050_india___thailand_joint_call_for_proposals,urban
v0_051_dst_science_technology_and_innovation_policy_fellowships,"decade, input"
v0_052_dst_daad_2018_call_for_personal_exchanges_between_india_and_germany,general
v0_053_joint_call_for_project_proposals_2018___indo_danish_research_and_innovation_cooperation_in_the_areas_of_renewable_energy,efficiency
v0_054_funding_opportunity_announcement_foa_in_converting_sunlight_to_storable_fuels_energyrich_chemicals_and_biochemicals_ic5,"algae, biomass, design, engineering, material"
v0_055_india_belarus_joint_call_for_proposals,"environment, material"
v0_056_call_for_enrollment_of_desalination_solution_providers,use
v0_057_india_japan_cooperative_science_programme_ijcsp,"engineering, fundamental, global warming, machine learning, material, polymer, synthesis"
v0_058_dst_nwo_joint_call_on_urban_water_systems,"city, design, expression, urban"
v0_059_indo_russian_joint_research_call_for_proposals_2018,"agricultural, computer, engineering, material"
v0_060_funding_opportunity_announcement_foa_in_carbon_capture_innovation_challenge_ic3,"cost effectiveness, efficiency, material, model, polymer"
v0_061_call_for_rd_project_proposals_from_indian_pharma_industrynational_laboratoriesacademic_institutions,"case, facility"
v0_062_dst_cnrs_france_joint_call_for_proposals,engineering
v0_063_call_for_entries___awsar_programme,general
v0_064_call_for_papers___9th_national_teachers_science_congress,"experiment, guidance, share"
v0_065_indo_finnish_joint_call_for_mobility_of_researchers,"city, engineering"
v0_066_call_open_for_women_scientist_scheme_b_wos_b_2018_19,"engineering, woman"
v0_067_dst_dfg_joint_call_inviting_joint_research_proposals,"engineering, material"
v0_068_call_for_proposal_cfp__2_under_india___israel_industrial_rd_and_technological_innovation_fund_i4f,general
v0_069_call___unescojapan_young_researchs_fellowship_programme_unescokeizo_obuchi_research_fellowships_programme_cycle_2018,general
v0_070_call_for_nominations_serb_distinguished_fellowship_last_date_upto_30_november_2018,engineering
v0_071_dst_dfg_awards_for_participation_in_the_69th_meeting_of_nobel_laureates__students_lindau_germany,general
v0_072_india_sweden_joint_call_2018,"computer, concern, engineering, environment, material"
v0_073_joint_call_for_proposals___india_bulgaria_bilateral_scientific_and_technological_cooperation,material
v0_074_advertisement_for_science_and_technology_of_yoga_and_meditation_satyam,"aspect, effect, investigation"
v0_075_call_for_proposals_for_optimal_water_use_in_industrial_sector_water_conservation_water_use_efficiency_waste_water_recovery_utilization_of_residues,"adoption, demand, design, efficiency, population, situation, urbanization, use, waste"
v0_076_call___indo_australia_fund_for_scientific_and_technological_cooperation_indo_aisrf_round_11,"premier, round"
v0_077_india___ukieri_call_for_proposal,"building, capacity building"
v0_078_india_science_and_research_fellowship_programme,"building, capacity building, century, instrument, material, premier"
v0_079_indo_german_science__technology_centre_igstc_announces_call_for_grant_applications_for_indo_german_r__d_partnership_on_research_projects_with_industrial_relevance,"urban, waste"
v0_080_special_call_for_proposals_under_scheduled_castes_sc_and_scheduled_tribes_st_category_under_icps_programme,"artificial intelligence, building, machine learning"
v0_081_call___indo_norway_joint_research_projects_in_st,"environment, material"
v0_082_call_for_nomination_workshop_on_design_and_evaluation_of_innovation_policies_with_a_specific_focus_on_scientometrics,"design, edition, iisc bengaluru, model, survey"
v0_083_indo_russian_joint_call_for_proposals_dst_rfbr,"computer, engineering, fundamental"
v0_084_call_open_for_11th_batch_of_wos_ckiran_ipr,"bachelor, master, woman"
v0_085_national_grand_challenge_awards_for_designing_user_friendly_smart_solar_cooking_solutions,"design, feature, rural, volume"
v0_086_india__egypt_call_for_proposal,engineering
v0_087_swarnajayanti_fellowships_scheme_2018_19,engineering
v0_088_dst_overseas_visiting_fellowship_admissions,general
v0_089_sustainable__innovative_technologies_in_agricultureagro_tech_under_the_scheme_technology_development_programme,"give, supply chain"
v0_090_scheme_for_young_scientists_and_technologists,general
v0_091_chord_nstmis_scheme_call_for_proposals_2018_19,"collection, material, sponsor"
v0_092_call_for_proposals_under_dst_ic_impact_indo_canada_joint_research_programmes,"advance, asia, building, city, design, efficiency, energy consumption, environment, material, percent, population, smart city, urban, use, waste"
v0_093_2019_brics_calls_for_proposals_for_multilateral_rd_projects,"disaster, efficiency, material"
v0_094_global_cooling_prize,"demand, environment, global warming, threat, urbanization"
v0_095_wti_call_2019_research_technology_innovation_on_nexus_of_water_with_energy_food_and_health,"agricultural, demand, efficiency, lab, use, waste"
v0_096_ukieri_dst_partnership_development_workshops,british
v0_097_call_for_joint_project_proposals_2019___india_czech_bilateral_scientific_and_technological_cooperation,material
v0_098_call_for_india_ethiopia_innovation__technology_commercialization_programme_ieitcp,"animal, environment, initial"
v0_099_call_for_proposal_of_nidhi_prayas_program,general
v0_100_indo__poland_joint_research_programme_call_for_proposals_2019,"agricultural, engineering"
